KundeNr,Alter,Einkommen,Geschlecht,Zeit,Preis,Niederlassung
K0001,68.0,89437.0,1.0,62.0,114481.9,Sachsen
K0002,58.0,65271.0,1.0,44.0,106258.99,Nordrhein-Westfalen
K0003,44.0,48195.0,1.0,29.0,85705.57,Hessen
K0004,37.0,48957.0,0.0,36.0,76412.36,Bayern
K0005,50.0,56621.0,0.0,40.0,92898.67,Bayern
K0006,68.0,93315.0,1.0,69.0,141822.38,Baden-Württemberg
K0007,48.0,44481.0,1.0,30.0,63604.43,Nordrhein-Westfalen
K0008,52.0,60315.0,1.0,40.0,106359.99,Berlin
K0009,40.0,50085.0,0.0,42.0,68956.52,Bayern
K0010,40.0,43750.0,1.0,28.0,67687.0,Berlin
K0011,53.0,30821.0,1.0,26.0,58450.55,Nordrhein-Westfalen
K0012,65.0,73235.0,0.0,40.0,115599.05,Baden-Württemberg
K0013,69.0,89082.0,1.0,66.0,124730.66,Nordrhein-Westfalen
K0014,53.0,70398.0,0.0,48.0,102062.3,Sachsen
K0015,32.0,43022.0,1.0,36.0,50811.55,Sachsen
K0016,51.0,47883.0,1.0,45.0,90273.18,Berlin
K0017,31.0,42377.0,1.0,31.0,69094.76,Bayern
K0018,53.0,55741.0,0.0,41.0,83296.61,Berlin
K0019,59.0,72303.0,0.0,44.0,101687.09,Bayern
K0020,67.0,78468.0,0.0,47.0,123598.99,Baden-Württemberg
K0021,31.0,27501.0,1.0,22.0,39695.86,Hessen
K0022,50.0,49026.0,0.0,36.0,79076.93,Berlin
K0023,62.0,75575.0,1.0,50.0,124516.56,Nordrhein-Westfalen
K0024,41.0,46542.0,,40.0,63477.0,Baden-Württemberg
K0025,51.0,50677.0,0.0,34.0,83785.2,Niedersachsen
K0026,54.0,53037.0,1.0,44.0,88479.15,Nordrhein-Westfalen
K0027,56.0,61920.0,1.0,49.0,94455.39,Nordrhein-Westfalen
K0028,57.0,83306.0,1.0,53.0,112854.14,Sachsen
K0029,45.0,47574.0,1.0,33.0,87328.47,Nordrhein-Westfalen
K0030,44.0,52043.0,1.0,42.0,72895.13,Sachsen
K0031,32.0,40277.0,1.0,34.0,42093.26,Bayern
K0032,66.0,63799.0,1.0,48.0,109159.01,Brandenburg
K0033,36.0,24397.0,0.0,38.0,32833.88,Baden-Württemberg
K0034,50.0,47571.0,0.0,39.0,83365.24,Baden-Württemberg
K0035,38.0,48364.0,1.0,35.0,85707.42,Bayern
K0036,68.0,79182.0,1.0,48.0,125939.52,Baden-Württemberg
K0037,47.0,63067.0,1.0,41.0,102867.75,Bayern
K0038,33.0,41309.0,1.0,25.0,82824.09,Baden-Württemberg
K0040,43.0,44559.0,1.0,22.0,74144.49,Sachsen
K0041,38.0,55278.0,1.0,46.0,95883.59,Baden-Württemberg
K0042,55.0,54161.0,1.0,36.0,104859.86,Nordrhein-Westfalen
K0043,31.0,26047.0,1.0,24.0,63491.25,Baden-Württemberg
K0044,49.0,63769.0,1.0,41.0,88665.28,Sachsen
K0045,57.0,51842.0,0.0,51.0,70527.14,Sachsen
K0046,36.0,69703.0,0.0,50.0,86119.52,Niedersachsen
K0047,37.0,45467.0,1.0,43.0,75752.08,Niedersachsen
K0048,64.0,77668.0,0.0,63.0,116246.65,Baden-Württemberg
K0049,43.0,42342.0,1.0,37.0,66374.97,Thüringen
K0050,46.0,50946.0,0.0,32.0,83406.88,Nordrhein-Westfalen
K0051,65.0,70352.0,0.0,49.0,92584.18,Sachsen
K0052,69.0,73444.0,1.0,47.0,115561.62,Niedersachsen
K0053,33.0,47124.0,1.0,35.0,79603.78,Bayern
K0054,31.0,33214.0,1.0,31.0,58416.51,Sachsen
K0055,35.0,53464.0,1.0,41.0,82821.95,Bayern
K0056,33.0,69142.0,1.0,52.0,107174.44,Hessen
K0057,58.0,64180.0,1.0,51.0,98148.01,Baden-Württemberg
K0058,47.0,57101.0,1.0,43.0,79106.97,Sachsen
K0059,55.0,68245.0,0.0,52.0,112358.24,Baden-Württemberg
K0060,63.0,92456.0,0.0,57.0,141292.39,Bayern
K0061,39.0,45873.0,1.0,47.0,75731.69,Hessen
K0062,65.0,65989.0,1.0,44.0,102710.38,Nordrhein-Westfalen
K0063,43.0,37376.0,1.0,42.0,63383.29,Hessen
K0064,60.0,68926.0,1.0,39.0,91715.99,Bayern
K0065,44.0,47332.0,0.0,36.0,84281.71,Baden-Württemberg
K0066,37.0,66398.0,1.0,46.0,101131.52,Nordrhein-Westfalen
K0067,43.0,70304.0,1.0,52.0,83886.2,Thüringen
K0068,52.0,49657.0,1.0,46.0,89589.3,Nordrhein-Westfalen
K0069,69.0,71612.0,1.0,42.0,116360.51,Berlin
K0070,50.0,59505.0,0.0,37.0,78150.23,Sachsen
K0071,45.0,68432.0,0.0,39.0,82849.76,Berlin
K0072,47.0,56068.0,1.0,52.0,88529.55,Hamburg
K0073,53.0,54940.0,1.0,45.0,82628.47,Berlin
K0074,55.0,63491.0,1.0,39.0,115135.5,Berlin
K0075,54.0,56229.0,0.0,40.0,97038.57,Nordrhein-Westfalen
K0076,70.0,86939.0,0.0,67.0,132147.29,Hamburg
K0077,58.0,59695.0,1.0,43.0,99547.37,Bayern
K0078,44.0,46659.0,1.0,36.0,87048.58,Bayern
K0079,30.0,49606.0,0.0,34.0,76579.11,Baden-Württemberg
K0080,54.0,54712.0,1.0,35.0,92084.38,Hessen
K0081,36.0,27831.0,0.0,37.0,38628.85,Bayern
K0082,38.0,46715.0,1.0,50.0,101650.7,Baden-Württemberg
K0083,53.0,58050.0,1.0,37.0,78625.3,Niedersachsen
K0084,30.0,42551.0,1.0,46.0,58706.65,Niedersachsen
K0085,37.0,48042.0,1.0,36.0,54313.59,Nordrhein-Westfalen
K0086,53.0,61613.0,1.0,50.0,99068.03,Brandenburg
K0087,40.0,47192.0,0.0,48.0,72220.0,Sachsen
K0088,46.0,46384.0,1.0,37.0,82034.0,Sachsen
K0089,37.0,45503.0,1.0,35.0,50836.91,Nordrhein-Westfalen
K0090,64.0,83452.0,,62.0,133180.7,Niedersachsen
K0091,64.0,63338.0,1.0,39.0,92846.99,Bayern
K0092,62.0,71666.0,1.0,59.0,107104.52,Thüringen
K0093,34.0,52606.0,1.0,42.0,83864.29,Bayern
K0094,68.0,83716.0,0.0,53.0,125611.48,Bayern
K0095,70.0,94606.0,1.0,58.0,139830.32,Berlin
K0096,57.0,60138.0,1.0,35.0,102300.93,Baden-Württemberg
K0097,36.0,23660.0,1.0,23.0,49960.18,Thüringen
K0098,38.0,47861.0,0.0,37.0,66834.88,Hessen
K0099,37.0,48532.0,0.0,32.0,68786.85,Hessen
K0100,41.0,63780.0,0.0,47.0,90449.48,Niedersachsen
K0101,63.0,85695.0,1.0,61.0,114451.46,Brandenburg
K0102,62.0,77546.0,1.0,52.0,124857.23,Baden-Württemberg
K0103,52.0,69175.0,1.0,54.0,103778.57,Hessen
K0104,53.0,59879.0,1.0,39.0,92542.02,Niedersachsen
K0105,66.0,62843.0,1.0,53.0,113812.63,Berlin
K0106,64.0,75171.0,1.0,53.0,112055.97,Nordrhein-Westfalen
K0107,69.0,89976.0,1.0,71.0,129284.1,Bayern
K0108,51.0,66908.0,1.0,65.0,93021.39,Bayern
K0109,56.0,74257.0,0.0,49.0,110427.22,Baden-Württemberg
K0110,64.0,69256.0,1.0,47.0,110341.3,Berlin
K0111,30.0,34125.0,1.0,30.0,46414.4,Nordrhein-Westfalen
K0112,64.0,79138.0,0.0,59.0,114319.8,Nordrhein-Westfalen
K0113,66.0,70138.0,1.0,59.0,102407.29,Berlin
K0114,43.0,45517.0,0.0,33.0,63320.19,Hessen
K0115,32.0,42406.0,1.0,39.0,45125.2,Nordrhein-Westfalen
K0116,30.0,45256.0,1.0,37.0,62326.68,Bayern
K0117,34.0,39181.0,0.0,39.0,41898.43,Baden-Württemberg
K0118,55.0,51515.0,0.0,51.0,78247.78,Thüringen
K0119,43.0,43130.0,0.0,35.0,61803.14,Hessen
K0120,68.0,80444.0,1.0,44.0,131551.59,Thüringen
K0121,56.0,67292.0,1.0,54.0,90615.29,Bayern
K0122,38.0,48301.0,1.0,33.0,64230.98,Niedersachsen
K0123,44.0,57848.0,1.0,43.0,81081.18,Bayern
K0124,44.0,52258.0,0.0,47.0,72060.58,Bayern
K0125,55.0,67004.0,1.0,51.0,114150.05,Hamburg
K0126,42.0,49536.0,0.0,39.0,62506.44,Bayern
K0127,61.0,83098.0,1.0,53.0,116002.86,Baden-Württemberg
K0128,68.0,93769.0,1.0,42.0,137923.28,Bayern
K0129,61.0,57745.0,1.0,49.0,102766.17,Baden-Württemberg
K0130,33.0,37491.0,0.0,32.0,53138.58,Niedersachsen
K0131,59.0,68825.0,0.0,60.0,83303.72,Brandenburg
K0132,66.0,73170.0,0.0,54.0,109500.77,Baden-Württemberg
K0133,52.0,80319.0,0.0,51.0,124885.27,Baden-Württemberg
K0134,68.0,80664.0,0.0,63.0,122681.63,Baden-Württemberg
K0135,44.0,43460.0,0.0,45.0,71339.81,Hessen
K0136,58.0,73853.0,1.0,50.0,97928.13,Baden-Württemberg
K0137,65.0,77918.0,1.0,62.0,104728.1,Nordrhein-Westfalen
K0138,42.0,53324.0,1.0,38.0,79456.84,Baden-Württemberg
K0139,61.0,90246.0,0.0,61.0,111436.45,Bayern
K0140,36.0,47319.0,0.0,43.0,76696.47,Sachsen
K0141,51.0,56496.0,1.0,49.0,78599.02,Niedersachsen
K0142,57.0,45095.0,0.0,42.0,77157.15,Baden-Württemberg
K0143,31.0,36296.0,0.0,31.0,35482.61,Nordrhein-Westfalen
K0144,35.0,56593.0,1.0,51.0,74955.3,Brandenburg
K0145,57.0,65311.0,1.0,47.0,87351.94,Nordrhein-Westfalen
K0146,57.0,42006.0,0.0,32.0,50508.57,Hessen
K0147,49.0,52215.0,1.0,37.0,87326.82,Niedersachsen
K0148,59.0,79235.0,0.0,68.0,130383.85,Thüringen
K0149,40.0,53774.0,1.0,37.0,90227.44,Bayern
K0150,57.0,57191.0,0.0,53.0,96831.38,Hessen
K0151,54.0,56914.0,0.0,36.0,83783.08,Berlin
K0152,68.0,73781.0,0.0,55.0,120941.76,Baden-Württemberg
K0153,62.0,64538.0,1.0,49.0,113786.43,Baden-Württemberg
K0154,30.0,14993.0,0.0,34.0,33678.17,Baden-Württemberg
K0155,56.0,73496.0,0.0,47.0,94040.73,Niedersachsen
K0156,42.0,63657.0,1.0,40.0,84814.32,Hessen
K0157,70.0,63937.0,0.0,46.0,121009.5,Hessen
K0158,32.0,52664.0,1.0,53.0,72598.33,Baden-Württemberg
K0159,68.0,77118.0,1.0,47.0,83418.33,Berlin
K0160,35.0,55716.0,1.0,25.0,63069.62,Sachsen
K0161,37.0,45011.0,1.0,38.0,63758.96,Berlin
K0162,56.0,66685.0,1.0,55.0,110938.59,Hessen
K0163,38.0,49724.0,0.0,33.0,69448.24,Nordrhein-Westfalen
K0164,66.0,67497.0,1.0,55.0,117195.91,Nordrhein-Westfalen
K0165,62.0,84681.0,0.0,50.0,115423.31,Hamburg
K0166,53.0,49798.0,,39.0,61329.51,Nordrhein-Westfalen
K0167,44.0,47834.0,1.0,44.0,69642.73,Berlin
K0168,61.0,76325.0,1.0,45.0,116425.9,Sachsen
K0169,61.0,65117.0,0.0,49.0,102799.87,Bayern
K0170,53.0,70392.0,1.0,59.0,89785.65,Bayern
K0171,70.0,95326.0,1.0,66.0,133593.66,Baden-Württemberg
K0172,41.0,59921.0,0.0,40.0,111734.31,Nordrhein-Westfalen
K0173,68.0,57238.0,1.0,54.0,84306.46,Berlin
K0174,31.0,39454.0,1.0,39.0,65981.74,Bayern
K0175,32.0,50330.0,1.0,27.0,49540.28,Bayern
K0176,66.0,61785.0,0.0,52.0,108131.17,Sachsen
K0177,46.0,62212.0,1.0,42.0,81404.44,Nordrhein-Westfalen
K0178,31.0,45328.0,0.0,39.0,68156.01,Hessen
K0179,31.0,24944.0,1.0,35.0,31094.22,Hessen
K0180,57.0,75347.0,0.0,49.0,111539.65,Berlin
K0181,52.0,63832.0,0.0,35.0,84810.82,Berlin
K0182,66.0,83118.0,0.0,67.0,113976.31,Sachsen
K0183,61.0,60160.0,1.0,53.0,100767.22,Baden-Württemberg
K0184,62.0,73353.0,0.0,51.0,104733.83,Berlin
K0185,30.0,18515.0,1.0,30.0,41027.79,Bayern
K0186,48.0,31841.0,1.0,28.0,58334.15,Brandenburg
K0187,31.0,39617.0,1.0,35.0,60089.79,Berlin
K0188,55.0,76066.0,0.0,52.0,112809.53,Hamburg
K0189,61.0,73383.0,0.0,49.0,105062.59,Baden-Württemberg
K0190,35.0,41741.0,0.0,38.0,52271.78,Hamburg
K0191,61.0,68606.0,1.0,41.0,99514.15,Bayern
K0192,33.0,30037.0,1.0,28.0,62787.47,Baden-Württemberg
K0193,40.0,45448.0,0.0,40.0,70066.79,Baden-Württemberg
K0194,46.0,58938.0,1.0,57.0,78516.69,Nordrhein-Westfalen
K0195,67.0,72430.0,1.0,43.0,116130.92,Berlin
K0196,53.0,70100.0,1.0,54.0,107089.66,Hessen
K0197,34.0,43470.0,1.0,41.0,70250.0,Nordrhein-Westfalen
K0198,63.0,76247.0,1.0,40.0,103879.52,Niedersachsen
K0199,35.0,52067.0,1.0,44.0,67345.58,Berlin
K0200,51.0,54077.0,1.0,48.0,77842.13,Berlin
K0201,40.0,55005.0,1.0,47.0,76273.78,Berlin
K0202,45.0,49088.0,0.0,39.0,80749.79,Niedersachsen
K0203,62.0,75407.0,1.0,55.0,115505.36,Brandenburg
K0204,38.0,38681.0,1.0,36.0,65930.74,Nordrhein-Westfalen
K0205,35.0,32553.0,0.0,19.0,66814.09,Nordrhein-Westfalen
K0206,45.0,54276.0,1.0,43.0,88859.4,Baden-Württemberg
K0207,58.0,46940.0,0.0,36.0,78383.96,Baden-Württemberg
K0208,32.0,35961.0,0.0,28.0,42830.37,Niedersachsen
K0209,49.0,40198.0,1.0,52.0,62115.3,Bayern
K0210,65.0,83431.0,1.0,65.0,119640.51,Baden-Württemberg
K0211,48.0,67923.0,0.0,41.0,104683.62,Sachsen
K0212,55.0,54760.0,0.0,45.0,86038.6,Bayern
K0213,32.0,43819.0,1.0,47.0,57548.45,Sachsen
K0214,48.0,66286.0,1.0,38.0,88275.44,Niedersachsen
K0215,49.0,67407.0,1.0,49.0,96728.92,Nordrhein-Westfalen
K0216,61.0,72965.0,0.0,52.0,117298.71,Bayern
K0217,36.0,51478.0,1.0,32.0,90484.89,Bayern
K0218,70.0,73363.0,0.0,54.0,111223.31,Hamburg
K0219,62.0,72626.0,1.0,59.0,109158.35,Baden-Württemberg
K0220,69.0,74254.0,1.0,63.0,102553.46,Bayern
K0221,68.0,70277.0,1.0,48.0,130143.33,Bayern
K0222,47.0,55841.0,1.0,60.0,70169.26,Baden-Württemberg
K0223,69.0,83089.0,1.0,42.0,136022.46,Bayern
K0224,30.0,49623.0,1.0,42.0,65451.53,Nordrhein-Westfalen
K0225,40.0,50730.0,1.0,30.0,69432.02,Baden-Württemberg
K0226,57.0,73261.0,0.0,52.0,95081.32,Baden-Württemberg
K0227,54.0,70130.0,1.0,46.0,127478.45,Hessen
K0228,52.0,90021.0,1.0,64.0,124563.89,Thüringen
K0229,60.0,49925.0,0.0,39.0,84170.57,Bayern
K0230,59.0,61009.0,0.0,40.0,103904.6,Baden-Württemberg
K0231,64.0,89881.0,0.0,55.0,120551.98,Hessen
K0232,36.0,39697.0,0.0,48.0,60883.05,Sachsen
K0233,45.0,62886.0,1.0,50.0,91266.15,Nordrhein-Westfalen
K0234,55.0,66624.0,1.0,36.0,94540.15,Hessen
K0235,31.0,60920.0,0.0,49.0,92362.74,Bayern
K0236,30.0,24933.0,0.0,26.0,40285.18,Hamburg
K0237,41.0,62190.0,1.0,46.0,72016.19,Baden-Württemberg
K0238,34.0,60319.0,0.0,51.0,77978.88,Niedersachsen
K0239,66.0,65063.0,1.0,56.0,106463.24,Nordrhein-Westfalen
K0240,61.0,79130.0,1.0,49.0,106664.4,Thüringen
K0241,38.0,35214.0,1.0,32.0,50205.8,Bayern
K0242,70.0,80732.0,1.0,52.0,116569.27,Baden-Württemberg
K0243,64.0,71112.0,1.0,55.0,121577.09,Hamburg
K0244,48.0,30477.0,1.0,29.0,53902.36,Niedersachsen
K0245,45.0,57880.0,0.0,44.0,98898.93,Nordrhein-Westfalen
K0246,32.0,40729.0,1.0,33.0,54787.08,Baden-Württemberg
K0247,49.0,73660.0,1.0,51.0,107200.27,Bayern
K0248,53.0,68587.0,0.0,61.0,94955.06,Hamburg
K0249,62.0,96569.0,0.0,80.0,140745.65,Bayern
K0250,53.0,63121.0,0.0,49.0,82460.27,Nordrhein-Westfalen
K0251,40.0,46710.0,0.0,38.0,77768.25,Berlin
K0252,37.0,42600.0,0.0,25.0,65540.55,Nordrhein-Westfalen
K0253,65.0,70212.0,1.0,45.0,102160.74,Hessen
K0254,67.0,53207.0,1.0,41.0,90531.33,Nordrhein-Westfalen
K0255,69.0,76932.0,1.0,48.0,133380.54,Bayern
K0256,49.0,35194.0,1.0,28.0,65668.36,Nordrhein-Westfalen
K0257,64.0,78797.0,1.0,65.0,109839.35,Bayern
K0258,54.0,49596.0,0.0,40.0,68169.84,Hamburg
K0259,64.0,64196.0,1.0,48.0,107141.39,Bayern
K0260,54.0,55785.0,1.0,38.0,90085.01,Berlin
K0261,58.0,65162.0,1.0,56.0,106934.76,Bayern
K0262,47.0,55524.0,0.0,41.0,67983.37,Bayern
K0263,47.0,67211.0,1.0,45.0,84216.96,Thüringen
K0264,31.0,31826.0,0.0,20.0,61856.99,Baden-Württemberg
K0265,64.0,79102.0,1.0,54.0,120716.52,Nordrhein-Westfalen
K0266,45.0,82896.0,1.0,53.0,116749.66,Thüringen
K0267,70.0,84497.0,1.0,69.0,116193.41,Baden-Württemberg
K0268,65.0,73022.0,0.0,64.0,100337.77,Niedersachsen
K0269,62.0,63275.0,1.0,38.0,110109.58,Bayern
K0270,33.0,38152.0,0.0,26.0,68310.6,Baden-Württemberg
K0271,62.0,62114.0,1.0,44.0,87670.86,Berlin
K0272,43.0,54023.0,1.0,36.0,67446.84,Sachsen
K0273,50.0,59828.0,0.0,46.0,87813.11,Baden-Württemberg
K0274,49.0,34170.0,0.0,30.0,53806.21,Hessen
K0275,37.0,44398.0,0.0,39.0,57851.21,Brandenburg
K0276,36.0,55185.0,0.0,50.0,64034.01,Nordrhein-Westfalen
K0277,32.0,34846.0,0.0,25.0,48990.25,Baden-Württemberg
K0278,46.0,47284.0,0.0,46.0,62114.5,Niedersachsen
K0279,62.0,56784.0,0.0,38.0,80874.62,Niedersachsen
K0280,41.0,28790.0,0.0,44.0,55293.51,Niedersachsen
K0281,51.0,68806.0,0.0,61.0,98128.97,Sachsen
K0282,51.0,57821.0,1.0,43.0,93565.3,Nordrhein-Westfalen
K0283,59.0,76842.0,0.0,47.0,94309.74,Baden-Württemberg
K0284,67.0,93757.0,1.0,54.0,134096.72,Berlin
K0285,67.0,87141.0,0.0,65.0,147149.94,Berlin
K0286,37.0,38717.0,0.0,34.0,56575.12,Bayern
K0287,56.0,66786.0,1.0,55.0,108886.48,Berlin
K0288,56.0,58547.0,0.0,60.0,99077.0,Berlin
K0289,63.0,65128.0,1.0,42.0,111253.56,Berlin
K0290,50.0,62422.0,1.0,38.0,94530.65,Thüringen
K0291,59.0,59443.0,0.0,46.0,99016.21,Baden-Württemberg
K0292,62.0,47766.0,1.0,47.0,91150.03,Sachsen
K0293,57.0,56668.0,0.0,37.0,95820.3,Brandenburg
K0294,62.0,68397.0,0.0,49.0,92611.11,Hessen
K0295,34.0,57844.0,1.0,54.0,62302.49,Nordrhein-Westfalen
K0296,48.0,51210.0,1.0,29.0,64363.81,Bayern
K0297,33.0,45811.0,1.0,40.0,64066.66,Berlin
K0298,64.0,72069.0,1.0,47.0,116154.84,Berlin
K0299,46.0,67665.0,0.0,50.0,83620.57,Berlin
K0300,57.0,78848.0,1.0,59.0,122846.97,Sachsen
K0301,59.0,81225.0,1.0,57.0,111772.36,Nordrhein-Westfalen
K0302,58.0,48580.0,1.0,32.0,77722.17,Baden-Württemberg
K0303,35.0,44671.0,1.0,34.0,58157.49,Baden-Württemberg
K0304,64.0,82125.0,0.0,66.0,99958.46,Berlin
K0305,70.0,84543.0,1.0,60.0,128417.08,Baden-Württemberg
K0306,66.0,82969.0,0.0,62.0,138621.96,Hessen
K0307,53.0,62592.0,1.0,48.0,93932.46,Baden-Württemberg
K0308,58.0,59308.0,0.0,50.0,73667.3,Hamburg
K0309,60.0,51150.0,1.0,38.0,94420.15,Baden-Württemberg
K0310,64.0,66894.0,1.0,43.0,88160.31,Bayern
K0311,62.0,100769.0,0.0,71.0,125018.41,Niedersachsen
K0312,50.0,53438.0,1.0,50.0,81140.06,Brandenburg
K0313,61.0,49390.0,0.0,33.0,85180.08,Thüringen
K0314,52.0,68820.0,0.0,45.0,88926.82,Nordrhein-Westfalen
K0315,62.0,81002.0,1.0,54.0,115409.9,Bayern
K0316,32.0,53135.0,1.0,53.0,81152.36,Baden-Württemberg
K0317,47.0,60557.0,0.0,49.0,96808.99,Nordrhein-Westfalen
K0318,54.0,72215.0,1.0,42.0,117790.98,Sachsen
K0319,60.0,89512.0,1.0,59.0,145466.52,Nordrhein-Westfalen
K0320,32.0,31090.0,1.0,29.0,59413.64,Baden-Württemberg
K0321,69.0,69084.0,1.0,41.0,107414.81,Thüringen
K0322,53.0,50089.0,1.0,39.0,90472.38,Bayern
K0323,61.0,67757.0,0.0,47.0,107610.75,Nordrhein-Westfalen
K0324,51.0,75335.0,0.0,50.0,110590.22,Sachsen
K0325,52.0,66602.0,,45.0,98756.07,Bayern
K0326,31.0,43389.0,0.0,47.0,52734.87,Sachsen
K0327,56.0,45484.0,1.0,35.0,68018.6,Bayern
K0328,31.0,30572.0,0.0,31.0,47857.93,Thüringen
K0329,55.0,44222.0,1.0,37.0,78218.77,Bayern
K0330,46.0,67067.0,1.0,45.0,88579.71,Thüringen
K0331,69.0,96516.0,1.0,64.0,142208.17,Baden-Württemberg
K0332,62.0,80179.0,1.0,56.0,138650.02,Niedersachsen
K0333,38.0,34983.0,0.0,33.0,39236.62,Hamburg
K0334,68.0,94307.0,0.0,56.0,139799.0,Berlin
K0335,58.0,64638.0,1.0,46.0,98621.47,Bayern
K0336,55.0,50959.0,1.0,46.0,88240.21,Niedersachsen
K0337,64.0,63436.0,0.0,45.0,95562.13,Baden-Württemberg
K0338,54.0,58380.0,1.0,45.0,89265.3,Hessen
K0339,53.0,62497.0,1.0,47.0,95797.57,Bayern
K0340,42.0,48275.0,1.0,42.0,70990.88,Thüringen
K0341,36.0,28194.0,0.0,33.0,33483.78,Baden-Württemberg
K0342,65.0,88138.0,0.0,58.0,123538.59,Baden-Württemberg
K0343,49.0,55986.0,1.0,37.0,71207.17,Bayern
K0344,30.0,29264.0,1.0,21.0,54886.03,Berlin
K0345,37.0,56641.0,0.0,50.0,59783.06,Bayern
K0346,45.0,40446.0,0.0,41.0,76851.18,Brandenburg
K0347,43.0,33444.0,1.0,36.0,63707.22,Nordrhein-Westfalen
K0348,41.0,62740.0,0.0,52.0,91641.0,Niedersachsen
K0349,52.0,81387.0,1.0,55.0,91299.91,Hessen
K0350,44.0,47183.0,1.0,34.0,70636.85,Baden-Württemberg
K0351,57.0,65801.0,0.0,41.0,110519.86,Niedersachsen
K0352,63.0,60374.0,1.0,38.0,92221.35,Baden-Württemberg
K0353,31.0,38149.0,1.0,43.0,46875.9,Nordrhein-Westfalen
K0354,61.0,65481.0,1.0,44.0,95229.38,Bayern
K0355,52.0,59767.0,1.0,52.0,90442.28,Berlin
K0356,51.0,64228.0,0.0,46.0,85280.73,Bayern
K0357,54.0,51135.0,1.0,36.0,95898.4,Nordrhein-Westfalen
K0358,51.0,55866.0,0.0,35.0,84704.04,Baden-Württemberg
K0359,51.0,40228.0,1.0,31.0,64816.33,Hessen
K0360,35.0,38580.0,1.0,44.0,47131.37,Baden-Württemberg
K0361,44.0,51181.0,1.0,33.0,83060.06,Niedersachsen
K0362,66.0,78548.0,0.0,69.0,121289.35,Sachsen
K0363,62.0,74323.0,1.0,46.0,103270.9,Berlin
K0364,37.0,54403.0,0.0,47.0,53690.36,Brandenburg
K0365,34.0,24647.0,1.0,26.0,49746.45,Sachsen
K0366,68.0,62116.0,0.0,44.0,98786.45,Hamburg
K0367,33.0,45996.0,1.0,29.0,70449.86,Brandenburg
K0368,35.0,20317.0,0.0,24.0,60372.24,Hessen
K0369,61.0,72628.0,0.0,43.0,107586.29,Niedersachsen
K0370,59.0,55669.0,0.0,31.0,84097.56,Baden-Württemberg
K0371,64.0,90952.0,0.0,61.0,116583.47,Nordrhein-Westfalen
K0372,69.0,82036.0,0.0,52.0,118543.95,Berlin
K0373,45.0,50903.0,1.0,52.0,79988.48,Baden-Württemberg
K0374,42.0,63339.0,1.0,54.0,90132.53,Nordrhein-Westfalen
K0375,59.0,56937.0,1.0,55.0,109491.66,Berlin
K0376,48.0,47062.0,0.0,34.0,79825.38,Baden-Württemberg
K0377,46.0,40684.0,1.0,36.0,66968.71,Niedersachsen
K0378,48.0,47153.0,0.0,20.0,67603.44,Sachsen
K0379,57.0,66962.0,1.0,47.0,103890.1,Sachsen
K0380,55.0,69487.0,1.0,50.0,93455.52,Thüringen
K0381,66.0,86491.0,1.0,59.0,127825.69,Nordrhein-Westfalen
K0382,55.0,44341.0,0.0,37.0,80565.16,Baden-Württemberg
K0383,52.0,59011.0,1.0,45.0,88150.0,Berlin
K0384,38.0,33666.0,1.0,13.0,50494.07,Nordrhein-Westfalen
K0385,41.0,46713.0,1.0,40.0,49617.32,Bayern
K0386,30.0,62318.0,1.0,50.0,93943.58,Hessen
K0387,30.0,40170.0,1.0,44.0,63566.56,Hessen
K0388,63.0,82564.0,1.0,59.0,124742.75,Bayern
K0389,61.0,91903.0,0.0,60.0,111764.41,Sachsen
K0390,54.0,75271.0,1.0,60.0,122250.09,Brandenburg
K0391,69.0,74462.0,1.0,36.0,110415.92,Berlin
K0392,30.0,23168.0,1.0,23.0,38984.74,Thüringen
K0393,45.0,52953.0,1.0,36.0,69536.92,Brandenburg
K0394,68.0,72078.0,1.0,51.0,93935.85,Baden-Württemberg
K0395,34.0,24811.0,1.0,12.0,57541.73,Hamburg
K0396,51.0,62402.0,1.0,55.0,106473.29,Nordrhein-Westfalen
K0397,58.0,70268.0,1.0,48.0,103403.43,Nordrhein-Westfalen
K0398,32.0,58361.0,0.0,46.0,71055.84,Nordrhein-Westfalen
K0399,41.0,45016.0,0.0,39.0,65106.71,Niedersachsen
K0400,55.0,67168.0,0.0,57.0,95526.72,Bayern
K0401,45.0,46062.0,1.0,25.0,61105.39,Nordrhein-Westfalen
K0402,66.0,85534.0,1.0,59.0,122017.62,Sachsen
K0403,51.0,58438.0,1.0,52.0,90811.71,Baden-Württemberg
K0404,58.0,54668.0,1.0,42.0,99426.78,Baden-Württemberg
K0405,43.0,50963.0,0.0,34.0,76275.31,Thüringen
K0406,57.0,70535.0,1.0,46.0,88743.79,Nordrhein-Westfalen
K0407,34.0,44113.0,1.0,34.0,69211.99,Sachsen
K0408,59.0,79812.0,1.0,50.0,112833.38,Sachsen
K0409,34.0,25640.0,0.0,27.0,59338.04,Hamburg
K0410,41.0,39800.0,1.0,45.0,79421.65,Niedersachsen
K0411,45.0,60218.0,1.0,41.0,102902.04,Hamburg
K0412,55.0,56264.0,1.0,40.0,83364.29,Baden-Württemberg
K0413,55.0,66738.0,1.0,52.0,120215.5,Nordrhein-Westfalen
K0414,50.0,32462.0,1.0,30.0,65554.28,Brandenburg
K0415,68.0,107689.0,1.0,60.0,165482.31,Niedersachsen
K0416,65.0,72055.0,1.0,51.0,105462.29,Brandenburg
K0417,62.0,84673.0,1.0,57.0,118973.65,Brandenburg
K0418,59.0,64816.0,1.0,54.0,102801.02,Baden-Württemberg
K0419,66.0,80562.0,1.0,48.0,121433.27,Bayern
K0420,52.0,77055.0,1.0,60.0,121764.28,Baden-Württemberg
K0421,39.0,59413.0,0.0,44.0,80369.74,Baden-Württemberg
K0422,34.0,39127.0,0.0,27.0,71127.46,Thüringen
K0423,65.0,73513.0,1.0,43.0,119578.06,Baden-Württemberg
K0424,63.0,83693.0,1.0,70.0,119357.7,Bayern
K0425,60.0,94859.0,1.0,61.0,138156.74,Hessen
K0426,39.0,48855.0,1.0,46.0,68265.8,Hessen
K0427,48.0,77759.0,0.0,42.0,130352.49,Baden-Württemberg
K0428,61.0,68022.0,1.0,67.0,77134.04,Nordrhein-Westfalen
K0429,30.0,47328.0,0.0,45.0,72459.7,Nordrhein-Westfalen
K0430,34.0,53286.0,1.0,40.0,57023.34,Bayern
K0431,33.0,35813.0,1.0,31.0,54223.32,Bayern
K0432,45.0,45178.0,0.0,43.0,70342.95,Sachsen
K0433,53.0,74381.0,0.0,57.0,120881.72,Nordrhein-Westfalen
K0434,45.0,47515.0,0.0,40.0,66554.21,Niedersachsen
K0435,31.0,28390.0,0.0,29.0,59963.88,Baden-Württemberg
K0436,57.0,58882.0,1.0,48.0,80802.02,Berlin
K0437,61.0,64831.0,0.0,35.0,113585.7,Hessen
K0438,56.0,74505.0,1.0,50.0,103566.8,Baden-Württemberg
K0439,49.0,63205.0,0.0,35.0,92627.74,Berlin
K0440,53.0,69721.0,1.0,54.0,98479.34,Hessen
K0441,41.0,53509.0,0.0,37.0,90805.35,Bayern
K0442,64.0,67455.0,1.0,38.0,116446.72,Nordrhein-Westfalen
K0443,62.0,79285.0,1.0,49.0,121004.55,Nordrhein-Westfalen
K0444,62.0,84548.0,1.0,58.0,110128.73,Bayern
K0445,66.0,82404.0,0.0,55.0,113241.16,Nordrhein-Westfalen
K0446,41.0,53816.0,1.0,34.0,68749.31,Baden-Württemberg
K0447,32.0,30856.0,1.0,18.0,27934.83,Nordrhein-Westfalen
K0448,30.0,39302.0,1.0,35.0,71437.17,Baden-Württemberg
K0449,62.0,62829.0,1.0,42.0,96175.78,Baden-Württemberg
K0450,69.0,79059.0,0.0,53.0,115211.31,Niedersachsen
K0451,39.0,28981.0,1.0,28.0,67912.67,Berlin
K0452,58.0,49680.0,0.0,43.0,77792.44,Sachsen
K0453,42.0,47953.0,1.0,45.0,65155.0,Bayern
K0454,41.0,42992.0,1.0,38.0,65811.72,Bayern
K0455,60.0,70713.0,0.0,48.0,93794.62,Brandenburg
K0456,31.0,36628.0,0.0,33.0,58605.27,Berlin
K0457,64.0,74222.0,1.0,50.0,108488.51,Bayern
K0458,52.0,67475.0,1.0,37.0,93897.2,Niedersachsen
K0459,46.0,49340.0,0.0,47.0,69960.66,Nordrhein-Westfalen
K0460,55.0,61750.0,1.0,52.0,93666.44,Nordrhein-Westfalen
K0461,37.0,60379.0,0.0,59.0,83542.5,Thüringen
K0462,58.0,67418.0,0.0,65.0,95613.26,Bayern
K0463,55.0,62186.0,0.0,38.0,90301.78,Niedersachsen
K0464,39.0,47664.0,1.0,36.0,71040.72,Berlin
K0465,55.0,62380.0,0.0,64.0,92302.99,Niedersachsen
K0466,63.0,65114.0,1.0,47.0,102718.58,Berlin
K0467,70.0,69581.0,1.0,51.0,103751.58,Thüringen
K0468,36.0,35235.0,1.0,22.0,67764.25,Nordrhein-Westfalen
K0469,33.0,49726.0,1.0,41.0,71847.89,Thüringen
K0470,40.0,41023.0,0.0,49.0,59175.54,Nordrhein-Westfalen
K0471,58.0,65705.0,0.0,57.0,102678.3,Sachsen
K0472,65.0,82579.0,0.0,52.0,119442.59,Nordrhein-Westfalen
K0473,54.0,60025.0,1.0,42.0,74740.62,Berlin
K0474,50.0,65573.0,1.0,40.0,99556.57,Bayern
K0475,65.0,58270.0,1.0,38.0,85983.74,Berlin
K0476,39.0,45332.0,0.0,24.0,77782.69,Baden-Württemberg
K0477,66.0,76920.0,1.0,53.0,113661.11,Hamburg
K0478,38.0,45935.0,0.0,49.0,76303.93,Brandenburg
K0479,53.0,44034.0,1.0,40.0,69020.15,Hamburg
K0480,64.0,86943.0,1.0,68.0,126122.42,Thüringen
K0481,64.0,64626.0,0.0,55.0,113550.22,Sachsen
K0482,65.0,78613.0,1.0,50.0,114603.28,Baden-Württemberg
K0483,47.0,55536.0,0.0,37.0,76897.16,Bayern
K0484,68.0,89120.0,0.0,55.0,135200.0,Berlin
K0485,61.0,94363.0,1.0,50.0,137974.71,Bayern
K0486,53.0,47966.0,1.0,39.0,73902.32,Nordrhein-Westfalen
K0487,52.0,53837.0,1.0,22.0,64750.35,Hamburg
K0488,61.0,72690.0,0.0,55.0,101692.85,Hessen
K0489,66.0,64077.0,1.0,48.0,109821.52,Nordrhein-Westfalen
K0490,41.0,57422.0,1.0,47.0,75053.42,Nordrhein-Westfalen
K0491,42.0,59171.0,1.0,52.0,85183.22,Baden-Württemberg
K0492,52.0,66942.0,0.0,50.0,90579.78,Niedersachsen
K0493,54.0,65610.0,1.0,59.0,78467.12,Berlin
K0495,70.0,67872.0,0.0,44.0,114545.55,Baden-Württemberg
K0496,59.0,69178.0,1.0,48.0,80282.57,Brandenburg
K0497,46.0,46352.0,1.0,22.0,76759.63,Bayern
K0498,49.0,67271.0,0.0,42.0,83949.89,Bayern
K0499,54.0,43162.0,1.0,34.0,81298.0,Niedersachsen
K0500,51.0,59485.0,0.0,49.0,96388.95,Nordrhein-Westfalen
K0501,42.0,53660.0,1.0,37.0,77862.18,Bayern
K0502,48.0,46259.0,1.0,29.0,73400.97,Baden-Württemberg
K0503,65.0,68189.0,0.0,36.0,97143.57,Nordrhein-Westfalen
K0504,41.0,49106.0,1.0,35.0,60659.78,Baden-Württemberg
K0505,70.0,90763.0,1.0,74.0,149827.25,Sachsen
K0506,48.0,45333.0,1.0,40.0,65343.65,Hessen
K0507,41.0,39630.0,1.0,41.0,80659.67,Bayern
K0508,38.0,57891.0,1.0,38.0,73104.4,Bayern
K0509,36.0,40554.0,1.0,24.0,68345.72,Baden-Württemberg
K0510,57.0,57867.0,0.0,35.0,78941.48,Bayern
K0511,43.0,59012.0,1.0,44.0,91000.76,Baden-Württemberg
K0512,60.0,64260.0,0.0,33.0,95392.37,Hessen
K0513,48.0,67677.0,1.0,42.0,94002.32,Baden-Württemberg
K0514,45.0,46082.0,0.0,34.0,78379.94,Hamburg
K0515,34.0,39614.0,1.0,26.0,56174.25,Hessen
K0516,64.0,84143.0,0.0,42.0,106701.56,Bayern
K0517,41.0,46486.0,1.0,40.0,79483.05,Baden-Württemberg
K0518,54.0,71244.0,1.0,51.0,92301.85,Baden-Württemberg
K0519,50.0,57994.0,1.0,49.0,93543.59,Baden-Württemberg
K0520,65.0,96471.0,1.0,55.0,145684.18,Nordrhein-Westfalen
K0521,52.0,77888.0,1.0,59.0,105968.69,Bayern
K0522,45.0,38876.0,1.0,45.0,78038.11,Nordrhein-Westfalen
K0523,68.0,83899.0,0.0,59.0,128052.56,Berlin
K0524,68.0,69381.0,1.0,45.0,102303.37,Berlin
K0525,43.0,53186.0,1.0,43.0,93969.09,Hamburg
K0526,60.0,70296.0,1.0,46.0,94507.15,Niedersachsen
K0527,34.0,29899.0,0.0,24.0,45878.08,Bayern
K0528,64.0,85374.0,1.0,62.0,121684.52,Baden-Württemberg
K0529,52.0,63079.0,1.0,46.0,100733.46,Hessen
K0530,58.0,64297.0,1.0,56.0,110338.33,Bayern
K0531,40.0,43103.0,0.0,33.0,77219.0,Berlin
K0532,47.0,56965.0,0.0,41.0,86689.81,Niedersachsen
K0533,41.0,53363.0,1.0,38.0,75926.68,Brandenburg
K0534,38.0,44329.0,0.0,29.0,48028.91,Hessen
K0535,39.0,16051.0,0.0,29.0,24654.09,Hamburg
K0536,46.0,54548.0,1.0,58.0,100672.01,Nordrhein-Westfalen
K0537,67.0,61517.0,0.0,43.0,80799.11,Niedersachsen
K0538,36.0,41243.0,1.0,31.0,55677.0,Hamburg
K0539,42.0,34792.0,1.0,27.0,71876.74,Niedersachsen
K0540,69.0,63958.0,1.0,42.0,106491.22,Nordrhein-Westfalen
K0541,38.0,59079.0,1.0,56.0,92587.82,Berlin
K0542,56.0,61743.0,1.0,41.0,100812.37,Berlin
K0543,31.0,33788.0,0.0,28.0,67174.26,Nordrhein-Westfalen
K0544,34.0,46577.0,1.0,30.0,71156.2,Hessen
K0545,58.0,63366.0,1.0,49.0,104762.36,Baden-Württemberg
K0546,66.0,98881.0,1.0,64.0,131352.24,Sachsen
K0547,67.0,74189.0,0.0,44.0,118596.14,Baden-Württemberg
K0548,48.0,60494.0,1.0,39.0,85749.76,Nordrhein-Westfalen
K0549,37.0,55129.0,1.0,53.0,73887.77,Nordrhein-Westfalen
K0550,30.0,54381.0,1.0,42.0,83223.78,Thüringen
K0551,51.0,51743.0,1.0,42.0,91562.01,Baden-Württemberg
K0552,46.0,49832.0,0.0,41.0,93781.58,Hessen
K0553,36.0,57337.0,0.0,53.0,95615.03,Berlin
K0554,54.0,71830.0,1.0,44.0,113981.18,Bayern
K0555,33.0,51920.0,0.0,38.0,54310.26,Baden-Württemberg
K0556,65.0,60136.0,1.0,44.0,116989.74,Hessen
K0557,35.0,59218.0,0.0,33.0,89824.77,Berlin
K0558,60.0,61297.0,1.0,39.0,89077.09,Baden-Württemberg
K0559,48.0,58620.0,1.0,52.0,95311.77,Hessen
K0560,68.0,76627.0,1.0,59.0,106279.31,Nordrhein-Westfalen
K0561,56.0,55688.0,0.0,49.0,94116.03,Nordrhein-Westfalen
K0562,39.0,31451.0,1.0,27.0,41728.39,Sachsen
K0563,55.0,45218.0,1.0,34.0,69467.58,Berlin
K0564,48.0,57825.0,1.0,31.0,94299.04,Thüringen
K0565,68.0,61693.0,0.0,52.0,111218.49,Nordrhein-Westfalen
K0566,32.0,26878.0,1.0,36.0,50126.6,Bayern
K0567,42.0,47660.0,0.0,46.0,69281.41,Baden-Württemberg
K0568,57.0,37682.0,0.0,45.0,48170.28,Berlin
K0569,49.0,66068.0,1.0,51.0,93925.34,Berlin
K0570,57.0,40164.0,0.0,46.0,77779.65,Hessen
K0571,37.0,43760.0,1.0,35.0,63570.42,Hessen
K0572,70.0,80568.0,0.0,43.0,120515.75,Nordrhein-Westfalen
K0573,68.0,84070.0,1.0,63.0,122645.18,Brandenburg
K0574,30.0,36552.0,0.0,21.0,51200.08,Baden-Württemberg
K0575,32.0,61059.0,0.0,47.0,81549.78,Nordrhein-Westfalen
K0576,42.0,52370.0,0.0,48.0,74270.35,Bayern
K0577,57.0,77726.0,0.0,56.0,125762.16,Thüringen
K0578,54.0,55199.0,1.0,59.0,64942.31,Baden-Württemberg
K0579,62.0,73034.0,1.0,38.0,104459.86,Thüringen
K0580,67.0,93933.0,0.0,61.0,124053.4,Baden-Württemberg
K0581,35.0,39852.0,1.0,35.0,63972.97,Bayern
K0582,61.0,72725.0,1.0,42.0,109982.32,Baden-Württemberg
K0583,50.0,69342.0,0.0,42.0,115292.51,Niedersachsen
K0584,45.0,45230.0,0.0,32.0,91201.91,Nordrhein-Westfalen
K0585,50.0,35262.0,0.0,25.0,55722.36,Berlin
K0586,40.0,50626.0,1.0,40.0,75452.53,Sachsen
K0587,66.0,86787.0,0.0,54.0,127064.84,Hessen
K0588,65.0,60323.0,1.0,47.0,90362.92,Niedersachsen
K0589,64.0,81163.0,0.0,60.0,124639.62,Nordrhein-Westfalen
K0590,48.0,63876.0,1.0,51.0,90833.08,Bayern
K0591,49.0,32964.0,0.0,29.0,49823.49,Bayern
K0592,47.0,45296.0,0.0,40.0,69529.36,Sachsen
K0593,70.0,76112.0,1.0,60.0,107199.46,Sachsen
K0594,43.0,49162.0,0.0,43.0,84864.12,Thüringen
K0595,44.0,44135.0,1.0,50.0,90278.48,Sachsen
K0596,60.0,60911.0,0.0,52.0,97769.6,Baden-Württemberg
K0597,30.0,55132.0,0.0,55.0,74760.4,Nordrhein-Westfalen
K0598,32.0,38008.0,1.0,17.0,59823.29,Berlin
K0599,45.0,45742.0,0.0,39.0,83874.88,Thüringen
K0600,52.0,60428.0,0.0,43.0,102443.11,Berlin
K0601,40.0,53679.0,1.0,41.0,77410.61,Berlin
K0602,41.0,49499.0,1.0,34.0,77389.91,Hamburg
K0603,39.0,44538.0,0.0,40.0,74086.48,Bayern
K0604,61.0,63590.0,0.0,34.0,86929.76,Baden-Württemberg
K0605,45.0,46099.0,0.0,41.0,84552.86,Sachsen
K0606,37.0,38116.0,0.0,29.0,77480.16,Nordrhein-Westfalen
K0607,67.0,80824.0,1.0,52.0,132575.6,Baden-Württemberg
K0608,41.0,38158.0,0.0,37.0,49170.73,Nordrhein-Westfalen
K0609,53.0,66225.0,1.0,49.0,78191.01,Hessen
K0610,57.0,81624.0,1.0,63.0,123507.46,Berlin
K0611,37.0,48132.0,1.0,32.0,63544.0,Bayern
K0612,57.0,62292.0,1.0,46.0,99289.0,Nordrhein-Westfalen
K0613,65.0,60902.0,1.0,52.0,114790.5,Niedersachsen
K0614,55.0,81244.0,1.0,58.0,108119.52,Hamburg
K0615,37.0,31911.0,0.0,34.0,49510.98,Hessen
K0616,57.0,75502.0,1.0,61.0,112788.96,Baden-Württemberg
K0617,57.0,73224.0,1.0,49.0,94361.83,Berlin
K0618,66.0,73497.0,1.0,47.0,104863.39,Baden-Württemberg
K0619,70.0,77553.0,1.0,58.0,119128.85,Bayern
K0620,65.0,55071.0,1.0,41.0,90033.88,Niedersachsen
K0621,56.0,68794.0,1.0,57.0,108744.79,Sachsen
K0622,46.0,61088.0,1.0,48.0,117616.31,Berlin
K0623,38.0,33873.0,0.0,28.0,56924.35,Bayern
K0624,62.0,70035.0,1.0,52.0,98348.59,Niedersachsen
K0625,49.0,58030.0,1.0,38.0,102268.68,Nordrhein-Westfalen
K0626,42.0,56364.0,1.0,50.0,66173.96,Nordrhein-Westfalen
K0627,57.0,66341.0,0.0,38.0,85104.71,Nordrhein-Westfalen
K0628,58.0,49747.0,1.0,48.0,77878.69,Hamburg
K0629,42.0,44277.0,1.0,39.0,67064.45,Nordrhein-Westfalen
K0630,64.0,76331.0,1.0,52.0,108153.91,Baden-Württemberg
K0631,35.0,51556.0,1.0,46.0,73467.98,Bayern
K0632,47.0,48751.0,1.0,43.0,79984.29,Berlin
K0633,34.0,65070.0,1.0,57.0,98105.63,Hamburg
K0634,54.0,42499.0,1.0,45.0,75331.36,Sachsen
K0635,31.0,31976.0,1.0,33.0,45789.83,Nordrhein-Westfalen
K0636,39.0,45869.0,1.0,32.0,80389.23,Baden-Württemberg
K0637,59.0,66293.0,0.0,44.0,91936.18,Baden-Württemberg
K0638,34.0,27982.0,0.0,28.0,31074.53,Bayern
K0639,62.0,76582.0,0.0,61.0,124774.93,Bayern
K0640,30.0,41029.0,0.0,32.0,70761.65,Hessen
K0641,47.0,55970.0,1.0,40.0,76520.05,Sachsen
K0642,61.0,74239.0,1.0,65.0,106676.91,Thüringen
K0643,40.0,43259.0,1.0,36.0,58493.0,Niedersachsen
K0644,50.0,41164.0,1.0,31.0,74268.93,Nordrhein-Westfalen
K0645,55.0,56358.0,0.0,49.0,105656.62,Hamburg
K0646,54.0,64748.0,1.0,47.0,104496.28,Bayern
K0647,51.0,61555.0,0.0,36.0,101804.21,Hamburg
K0648,56.0,65663.0,1.0,55.0,107678.5,Hessen
K0649,42.0,55975.0,0.0,38.0,80767.86,Nordrhein-Westfalen
K0650,62.0,65422.0,1.0,48.0,113261.61,Bayern
K0651,63.0,73099.0,1.0,51.0,118236.17,Bayern
K0652,70.0,86609.0,1.0,60.0,142906.55,Bayern
K0653,64.0,72974.0,1.0,36.0,106325.73,Thüringen
K0654,30.0,23521.0,1.0,24.0,24543.56,Berlin
K0655,50.0,48277.0,1.0,47.0,88936.09,Nordrhein-Westfalen
K0656,35.0,51440.0,0.0,50.0,76009.29,Nordrhein-Westfalen
K0657,57.0,81401.0,1.0,49.0,113014.09,Bayern
K0658,46.0,67111.0,1.0,55.0,93112.35,Hessen
K0659,34.0,43862.0,1.0,32.0,91438.09,Sachsen
K0660,60.0,56507.0,0.0,41.0,84172.64,Berlin
K0661,34.0,41276.0,1.0,33.0,53961.89,Sachsen
K0662,67.0,94092.0,1.0,63.0,135212.01,Bayern
K0663,32.0,45882.0,1.0,45.0,78435.1,Baden-Württemberg
K0664,52.0,58625.0,1.0,46.0,113237.35,Sachsen
K0665,66.0,82882.0,0.0,56.0,127752.43,Nordrhein-Westfalen
K0666,66.0,62298.0,1.0,53.0,88092.7,Thüringen
K0667,39.0,39225.0,1.0,29.0,83313.68,Niedersachsen
K0668,39.0,35011.0,0.0,32.0,57408.01,Sachsen
K0669,48.0,61627.0,1.0,53.0,82405.97,Nordrhein-Westfalen
K0670,46.0,62109.0,1.0,50.0,79387.46,Nordrhein-Westfalen
K0671,50.0,57036.0,1.0,40.0,95823.72,Hessen
K0672,43.0,41643.0,0.0,25.0,68969.85,Berlin
K0673,38.0,45470.0,1.0,40.0,72615.51,Sachsen
K0674,30.0,31727.0,0.0,20.0,62658.18,Berlin
K0675,42.0,41390.0,1.0,34.0,58786.52,Hamburg
K0676,33.0,43936.0,1.0,45.0,78850.36,Berlin
K0677,30.0,28784.0,1.0,34.0,42416.07,Berlin
K0678,69.0,62333.0,0.0,32.0,123546.58,Berlin
K0679,61.0,56063.0,1.0,44.0,98148.54,Berlin
K0680,63.0,55422.0,0.0,40.0,81784.14,Sachsen
K0681,57.0,68984.0,0.0,41.0,81325.05,Berlin
K0682,60.0,71186.0,1.0,53.0,115349.19,Hessen
K0683,37.0,45690.0,1.0,34.0,64971.82,Baden-Württemberg
K0684,68.0,84609.0,1.0,54.0,123507.33,Baden-Württemberg
K0685,55.0,77056.0,1.0,54.0,118343.37,Bayern
K0686,63.0,66387.0,0.0,44.0,112799.7,Niedersachsen
K0687,32.0,43583.0,0.0,37.0,75274.62,Baden-Württemberg
K0688,41.0,31809.0,1.0,27.0,44588.0,Sachsen
K0689,30.0,51957.0,1.0,37.0,86152.97,Bayern
K0690,34.0,27844.0,0.0,36.0,41694.48,Bayern
K0691,59.0,60769.0,1.0,53.0,72785.83,Baden-Württemberg
K0692,59.0,61988.0,0.0,34.0,83817.23,Baden-Württemberg
K0693,46.0,37812.0,1.0,39.0,67614.67,Nordrhein-Westfalen
K0694,52.0,61228.0,0.0,55.0,81411.98,Nordrhein-Westfalen
K0695,44.0,54514.0,1.0,53.0,80645.05,Hessen
K0696,66.0,74011.0,1.0,56.0,116589.56,Baden-Württemberg
K0697,50.0,42001.0,1.0,29.0,69941.72,Bayern
K0698,43.0,72619.0,1.0,56.0,94619.66,Berlin
K0699,31.0,44046.0,1.0,31.0,51186.35,Thüringen
K0700,40.0,76423.0,0.0,51.0,101008.49,Bayern
K0702,67.0,87538.0,1.0,53.0,120582.75,Berlin
K0703,63.0,81261.0,1.0,48.0,109555.23,Bayern
K0704,67.0,73998.0,1.0,55.0,111198.78,Berlin
K0705,63.0,88113.0,1.0,72.0,123910.94,Baden-Württemberg
K0706,47.0,51053.0,1.0,49.0,89354.82,Nordrhein-Westfalen
K0707,59.0,64556.0,1.0,52.0,115909.26,Bayern
K0708,44.0,14547.0,1.0,29.0,28960.3,Nordrhein-Westfalen
K0709,56.0,69651.0,1.0,54.0,123769.4,Baden-Württemberg
K0710,63.0,58435.0,1.0,47.0,87561.26,Thüringen
K0711,67.0,71177.0,1.0,57.0,112500.75,Baden-Württemberg
K0712,62.0,60595.0,0.0,36.0,101207.94,Sachsen
K0713,53.0,57988.0,1.0,45.0,114801.87,Nordrhein-Westfalen
K0714,44.0,57008.0,0.0,43.0,77339.83,Thüringen
K0715,59.0,68591.0,1.0,50.0,85536.41,Berlin
K0716,46.0,62061.0,1.0,43.0,105588.24,Nordrhein-Westfalen
K0717,34.0,55070.0,0.0,46.0,67139.29,Berlin
K0718,58.0,63385.0,0.0,41.0,93077.19,Baden-Württemberg
K0719,33.0,35069.0,0.0,29.0,43110.27,Berlin
K0720,39.0,57156.0,1.0,39.0,77986.08,Baden-Württemberg
K0721,46.0,65611.0,1.0,54.0,85435.92,Thüringen
K0722,39.0,54801.0,0.0,42.0,84900.44,Baden-Württemberg
K0723,46.0,44038.0,1.0,34.0,72625.61,Hessen
K0724,49.0,62203.0,1.0,43.0,85122.57,Hessen
K0725,53.0,63147.0,1.0,47.0,105317.06,Hamburg
K0726,34.0,52759.0,1.0,53.0,77110.67,Niedersachsen
K0727,63.0,66597.0,0.0,40.0,83837.24,Baden-Württemberg
K0728,35.0,24355.0,1.0,32.0,55167.61,Hessen
K0729,31.0,45575.0,1.0,41.0,67425.51,Bayern
K0730,42.0,22279.0,1.0,20.0,61502.53,Sachsen
K0731,40.0,39921.0,1.0,45.0,65687.09,Nordrhein-Westfalen
K0732,52.0,49778.0,1.0,44.0,72763.75,Thüringen
K0733,45.0,42110.0,1.0,33.0,67204.52,Baden-Württemberg
K0734,60.0,61431.0,1.0,33.0,105250.41,Bayern
K0735,40.0,61057.0,0.0,47.0,77084.28,Baden-Württemberg
K0736,45.0,62178.0,1.0,46.0,85463.8,Baden-Württemberg
K0737,37.0,41869.0,1.0,29.0,62593.9,Bayern
K0738,33.0,52554.0,0.0,34.0,60796.8,Niedersachsen
K0739,69.0,67799.0,0.0,55.0,99345.38,Bayern
K0740,33.0,27264.0,1.0,15.0,49485.54,Brandenburg
K0741,54.0,72410.0,1.0,53.0,117491.52,Sachsen
K0742,32.0,45461.0,1.0,36.0,69182.41,Niedersachsen
K0743,61.0,65648.0,0.0,51.0,100202.5,Berlin
K0744,32.0,26860.0,0.0,26.0,37058.29,Berlin
K0745,56.0,81045.0,0.0,58.0,125101.5,Berlin
K0746,58.0,48730.0,1.0,34.0,87338.42,Baden-Württemberg
K0747,61.0,64150.0,0.0,47.0,91908.79,Niedersachsen
K0748,48.0,59014.0,1.0,48.0,97451.48,Bayern
K0749,50.0,78249.0,1.0,55.0,114846.09,Nordrhein-Westfalen
K0750,34.0,45499.0,1.0,40.0,58717.86,Nordrhein-Westfalen
K0751,47.0,60658.0,0.0,39.0,87172.44,Hessen
K0752,57.0,60125.0,1.0,41.0,89090.25,Bayern
K0753,51.0,65955.0,0.0,44.0,122657.88,Bayern
K0754,50.0,59847.0,1.0,43.0,95607.73,Nordrhein-Westfalen
K0755,35.0,25203.0,1.0,37.0,48554.06,Brandenburg
K0756,30.0,45604.0,1.0,35.0,69872.12,Bayern
K0757,34.0,51868.0,1.0,33.0,87676.29,Baden-Württemberg
K0758,70.0,89117.0,0.0,63.0,128700.13,Baden-Württemberg
K0759,41.0,49301.0,1.0,49.0,68579.84,Nordrhein-Westfalen
K0760,55.0,53760.0,0.0,33.0,93912.15,Bayern
K0761,63.0,47767.0,0.0,53.0,81512.67,Hamburg
K0762,43.0,52813.0,0.0,44.0,67106.32,Berlin
K0763,55.0,75863.0,1.0,60.0,96369.11,Hessen
K0764,56.0,76011.0,1.0,63.0,125585.18,Nordrhein-Westfalen
K0765,38.0,54535.0,1.0,49.0,79772.26,Nordrhein-Westfalen
K0766,55.0,63325.0,0.0,46.0,89117.31,Berlin
K0767,51.0,71583.0,0.0,59.0,99159.39,Baden-Württemberg
K0768,59.0,78492.0,1.0,56.0,122336.16,Berlin
K0769,46.0,49781.0,0.0,48.0,73484.48,Hessen
K0770,55.0,71467.0,1.0,59.0,89954.18,Hessen
K0771,65.0,69167.0,1.0,42.0,110950.37,Niedersachsen
K0772,30.0,42861.0,1.0,42.0,74561.85,Baden-Württemberg
K0773,37.0,30511.0,0.0,29.0,63585.76,Niedersachsen
K0774,64.0,60640.0,1.0,46.0,92602.45,Baden-Württemberg
K0775,44.0,63671.0,0.0,48.0,102706.73,Nordrhein-Westfalen
K0776,51.0,69957.0,0.0,51.0,102053.63,Bayern
K0777,43.0,57981.0,0.0,55.0,96036.67,Niedersachsen
K0778,55.0,65084.0,1.0,38.0,104045.73,Baden-Württemberg
K0779,57.0,40366.0,1.0,23.0,58229.04,Berlin
K0780,52.0,60063.0,1.0,31.0,109287.55,Niedersachsen
K0781,43.0,56035.0,1.0,51.0,83116.94,Bayern
K0782,53.0,56160.0,1.0,38.0,93839.56,Nordrhein-Westfalen
K0783,31.0,30362.0,0.0,31.0,34904.28,Niedersachsen
K0784,55.0,79794.0,1.0,54.0,118498.73,Hessen
K0785,43.0,50456.0,1.0,34.0,88108.0,Bayern
K0786,36.0,48447.0,1.0,45.0,90879.99,Brandenburg
K0787,32.0,47570.0,1.0,38.0,82420.11,Hessen
K0788,52.0,50014.0,1.0,38.0,86755.55,Berlin
K0789,47.0,57545.0,1.0,45.0,70459.81,Niedersachsen
K0790,67.0,91461.0,,66.0,131748.07,Berlin
K0791,64.0,93624.0,1.0,55.0,126237.04,Bayern
K0792,44.0,52628.0,0.0,47.0,80768.14,Bayern
K0793,54.0,60464.0,0.0,55.0,79245.06,Baden-Württemberg
K0794,66.0,78982.0,1.0,45.0,116107.59,Bayern
K0795,57.0,68942.0,0.0,51.0,96688.41,Nordrhein-Westfalen
K0796,39.0,61809.0,1.0,44.0,80843.31,Nordrhein-Westfalen
K0797,68.0,67429.0,0.0,54.0,100668.95,Bayern
K0798,46.0,51329.0,1.0,32.0,77922.3,Thüringen
K0799,68.0,66119.0,0.0,59.0,107741.21,Brandenburg
K0800,51.0,48813.0,0.0,28.0,52577.91,Sachsen
K0801,55.0,68214.0,0.0,47.0,75900.15,Niedersachsen
K0802,54.0,71828.0,0.0,54.0,99915.01,Nordrhein-Westfalen
K0803,46.0,47322.0,1.0,34.0,73162.63,Baden-Württemberg
K0804,42.0,58398.0,1.0,38.0,86430.54,Bayern
K0805,49.0,69675.0,1.0,51.0,92342.53,Baden-Württemberg
K0806,54.0,84027.0,1.0,58.0,117270.4,Niedersachsen
K0807,33.0,41016.0,0.0,36.0,61945.93,Bayern
K0808,39.0,39831.0,1.0,41.0,56301.97,Nordrhein-Westfalen
K0809,32.0,28303.0,0.0,26.0,57388.47,Bayern
K0810,70.0,68456.0,1.0,51.0,111312.94,Nordrhein-Westfalen
K0811,47.0,69003.0,0.0,46.0,102390.57,Baden-Württemberg
K0812,65.0,58549.0,1.0,38.0,97388.62,Baden-Württemberg
K0813,51.0,72996.0,0.0,50.0,124497.54,Bayern
K0814,63.0,63391.0,0.0,43.0,105484.64,Berlin
K0815,37.0,37168.0,1.0,30.0,55031.56,Bayern
K0816,69.0,77676.0,1.0,62.0,126864.71,Nordrhein-Westfalen
K0817,48.0,48903.0,0.0,38.0,59895.32,Baden-Württemberg
K0818,70.0,90512.0,1.0,56.0,133444.42,Bayern
K0819,66.0,95730.0,1.0,63.0,138765.11,Nordrhein-Westfalen
K0820,35.0,35300.0,1.0,33.0,58384.57,Baden-Württemberg
K0821,55.0,59442.0,1.0,36.0,88964.7,Sachsen
K0822,63.0,71039.0,1.0,48.0,98163.51,Thüringen
K0823,35.0,48297.0,1.0,37.0,62369.93,Baden-Württemberg
K0824,66.0,74400.0,1.0,51.0,114577.68,Bayern
K0825,62.0,86770.0,1.0,63.0,112809.13,Berlin
K0826,51.0,72225.0,0.0,52.0,120296.65,Nordrhein-Westfalen
K0827,50.0,45848.0,1.0,47.0,48780.22,Hessen
K0828,35.0,48079.0,0.0,39.0,65670.65,Niedersachsen
K0829,35.0,58918.0,1.0,57.0,82500.37,Nordrhein-Westfalen
K0830,33.0,34894.0,1.0,29.0,60765.14,Baden-Württemberg
K0831,59.0,65278.0,1.0,42.0,91121.52,Nordrhein-Westfalen
K0832,40.0,42128.0,1.0,40.0,78281.31,Niedersachsen
K0833,59.0,62970.0,1.0,56.0,83862.47,Hessen
K0834,60.0,51460.0,1.0,31.0,80985.24,Sachsen
K0835,53.0,47554.0,1.0,37.0,85424.37,Niedersachsen
K0836,38.0,46525.0,1.0,34.0,80802.74,Bayern
K0837,32.0,55589.0,0.0,44.0,60798.72,Berlin
K0838,60.0,62903.0,1.0,47.0,125573.59,Brandenburg
K0839,69.0,72349.0,1.0,61.0,103823.85,Baden-Württemberg
K0840,66.0,94518.0,0.0,62.0,119618.58,Thüringen
K0841,65.0,62961.0,1.0,56.0,106364.96,Baden-Württemberg
K0842,53.0,43943.0,1.0,35.0,71806.29,Niedersachsen
K0843,60.0,60569.0,0.0,52.0,89849.34,Brandenburg
K0844,35.0,35242.0,1.0,34.0,63070.96,Baden-Württemberg
K0845,31.0,19138.0,0.0,37.0,21471.65,Sachsen
K0846,49.0,56231.0,0.0,33.0,67307.08,Nordrhein-Westfalen
K0847,57.0,76586.0,1.0,45.0,104976.08,Hamburg
K0848,40.0,33908.0,1.0,45.0,69238.65,Bayern
K0849,33.0,41209.0,1.0,30.0,56426.61,Baden-Württemberg
K0850,44.0,56488.0,1.0,39.0,99913.03,Bayern
K0851,35.0,41525.0,1.0,30.0,75726.31,Bayern
K0852,59.0,70484.0,0.0,58.0,107496.17,Brandenburg
K0853,67.0,79290.0,1.0,46.0,122565.05,Thüringen
K0854,31.0,29275.0,1.0,30.0,51628.74,Hessen
K0855,44.0,68447.0,0.0,47.0,96292.93,Sachsen
K0856,40.0,61386.0,0.0,53.0,81555.07,Niedersachsen
K0857,37.0,57504.0,1.0,40.0,78406.83,Berlin
K0858,55.0,75123.0,1.0,55.0,97596.04,Nordrhein-Westfalen
K0859,34.0,24264.0,1.0,19.0,22580.44,Berlin
K0860,35.0,52473.0,1.0,57.0,86012.47,Nordrhein-Westfalen
K0861,55.0,71240.0,1.0,49.0,106132.59,Bayern
K0862,33.0,23596.0,1.0,27.0,44008.34,Baden-Württemberg
K0863,48.0,54204.0,0.0,54.0,86153.64,Nordrhein-Westfalen
K0864,49.0,60621.0,1.0,41.0,81988.0,Hessen
K0865,62.0,89774.0,1.0,72.0,117051.99,Sachsen
K0866,49.0,65479.0,1.0,45.0,92555.99,Sachsen
K0867,41.0,39563.0,1.0,39.0,78550.75,Baden-Württemberg
K0868,30.0,55391.0,0.0,39.0,61951.79,Brandenburg
K0869,55.0,64604.0,0.0,38.0,69621.64,Berlin
K0870,43.0,48335.0,0.0,42.0,68096.85,Hessen
K0871,67.0,73602.0,1.0,56.0,124908.81,Nordrhein-Westfalen
K0872,66.0,58457.0,1.0,35.0,79415.76,Bayern
K0873,40.0,46664.0,1.0,36.0,59309.97,Hessen
K0874,65.0,80375.0,1.0,64.0,121858.27,Niedersachsen
K0875,42.0,45845.0,1.0,42.0,97820.78,Baden-Württemberg
K0876,32.0,43734.0,0.0,34.0,49055.81,Nordrhein-Westfalen
K0877,62.0,62350.0,1.0,42.0,84761.44,Hessen
K0878,35.0,40901.0,1.0,49.0,66275.03,Sachsen
K0879,39.0,50202.0,1.0,30.0,86793.36,Bayern
K0880,34.0,43401.0,1.0,36.0,58491.97,Baden-Württemberg
K0881,52.0,43463.0,1.0,26.0,57784.07,Brandenburg
K0882,39.0,42008.0,0.0,45.0,69244.54,Baden-Württemberg
K0883,31.0,56282.0,0.0,43.0,81611.9,Thüringen
K0884,42.0,44684.0,0.0,39.0,87308.31,Baden-Württemberg
K0885,69.0,79491.0,1.0,74.0,127058.7,Nordrhein-Westfalen
K0886,31.0,37149.0,1.0,29.0,65317.0,Hamburg
K0887,49.0,74627.0,1.0,65.0,102198.45,Bayern
K0888,30.0,50998.0,1.0,38.0,95539.65,Baden-Württemberg
K0889,66.0,84822.0,0.0,56.0,118968.62,Hessen
K0890,38.0,35130.0,1.0,51.0,52189.58,Hessen
K0891,46.0,58260.0,1.0,43.0,104933.18,Bayern
K0892,38.0,51844.0,1.0,31.0,60596.45,Sachsen
K0893,40.0,40278.0,1.0,37.0,45917.71,Bayern
K0894,44.0,42754.0,0.0,35.0,69418.9,Berlin
K0895,53.0,80451.0,1.0,58.0,112949.61,Hamburg
K0896,67.0,73888.0,1.0,51.0,111202.84,Baden-Württemberg
K0897,64.0,91409.0,1.0,76.0,140161.07,Sachsen
K0898,59.0,79283.0,1.0,59.0,105625.52,Berlin
K0899,60.0,73978.0,0.0,44.0,109383.25,Baden-Württemberg
K0900,34.0,46252.0,0.0,39.0,62891.18,Berlin
K0901,43.0,35922.0,0.0,27.0,51533.78,Hessen
K0902,40.0,50097.0,0.0,38.0,73036.86,Hamburg
K0903,38.0,61052.0,1.0,39.0,93849.29,Niedersachsen
K0904,63.0,80199.0,0.0,70.0,138366.29,Baden-Württemberg
K0905,41.0,50613.0,1.0,35.0,81875.89,Bayern
K0906,64.0,92461.0,1.0,66.0,105443.46,Nordrhein-Westfalen
K0907,64.0,71888.0,0.0,49.0,108277.84,Baden-Württemberg
K0908,30.0,30285.0,1.0,22.0,49774.03,Nordrhein-Westfalen
K0909,69.0,80988.0,0.0,57.0,130219.27,Baden-Württemberg
K0910,51.0,68102.0,1.0,52.0,101089.53,Nordrhein-Westfalen
K0911,58.0,48755.0,1.0,43.0,95736.22,Bayern
K0912,37.0,47689.0,0.0,20.0,73619.96,Hessen
K0913,40.0,56643.0,0.0,35.0,96334.06,Baden-Württemberg
K0914,70.0,77481.0,1.0,60.0,114318.99,Baden-Württemberg
K0915,66.0,88070.0,1.0,53.0,129089.55,Bayern
K0916,43.0,58063.0,1.0,45.0,93120.95,Baden-Württemberg
K0917,59.0,91693.0,1.0,52.0,121840.18,Bayern
K0918,64.0,65754.0,1.0,53.0,95513.44,Hamburg
K0919,50.0,67714.0,0.0,55.0,90616.13,Hessen
K0920,66.0,65032.0,1.0,53.0,96232.71,Nordrhein-Westfalen
K0921,34.0,23826.0,0.0,34.0,48808.86,Niedersachsen
K0922,48.0,34459.0,1.0,43.0,44237.57,Hessen
K0923,43.0,56948.0,1.0,35.0,67634.12,Berlin
K0924,55.0,66128.0,0.0,43.0,117054.79,Berlin
K0925,33.0,35064.0,1.0,39.0,48350.07,Berlin
K0926,54.0,43811.0,1.0,45.0,77794.39,Nordrhein-Westfalen
K0927,54.0,55557.0,1.0,38.0,72637.98,Bayern
K0928,47.0,55494.0,0.0,38.0,83850.57,Baden-Württemberg
K0929,69.0,87922.0,0.0,54.0,120453.26,Niedersachsen
K0930,37.0,44420.0,1.0,26.0,51519.02,Bayern
K0931,68.0,80968.0,1.0,47.0,135002.85,Sachsen
K0932,69.0,75241.0,1.0,44.0,128050.39,Nordrhein-Westfalen
K0933,43.0,70080.0,0.0,48.0,94723.69,Baden-Württemberg
K0934,61.0,59597.0,0.0,47.0,104647.51,Baden-Württemberg
K0935,67.0,69567.0,1.0,53.0,128522.22,Brandenburg
K0936,62.0,66385.0,1.0,45.0,110890.06,Hessen
K0937,52.0,66760.0,1.0,45.0,103242.45,Bayern
K0938,44.0,40928.0,0.0,36.0,68349.12,Niedersachsen
K0939,62.0,73197.0,0.0,41.0,115604.15,Hessen
K0940,54.0,64833.0,1.0,54.0,93686.46,Bayern
K0941,46.0,46834.0,1.0,47.0,71854.37,Baden-Württemberg
K0942,62.0,75303.0,1.0,48.0,116978.57,Nordrhein-Westfalen
K0943,31.0,27160.0,0.0,26.0,40495.11,Bayern
K0944,43.0,38995.0,1.0,43.0,61300.12,Nordrhein-Westfalen
K0945,69.0,80400.0,0.0,54.0,120052.16,Berlin
K0946,69.0,61320.0,1.0,50.0,113385.31,Hessen
K0947,68.0,54974.0,1.0,42.0,83002.22,Nordrhein-Westfalen
K0948,35.0,48208.0,1.0,50.0,78096.44,Nordrhein-Westfalen
K0949,35.0,53806.0,1.0,45.0,84195.58,Berlin
K0950,32.0,34112.0,1.0,36.0,62280.35,Bayern
K0951,36.0,36269.0,0.0,37.0,49092.44,Nordrhein-Westfalen
K0952,37.0,55505.0,1.0,39.0,61612.78,Berlin
K0953,44.0,39771.0,1.0,32.0,72076.48,Baden-Württemberg
K0954,58.0,52599.0,1.0,47.0,88810.94,Sachsen
K0955,62.0,79399.0,0.0,56.0,125617.3,Baden-Württemberg
K0956,59.0,68568.0,0.0,41.0,95476.41,Baden-Württemberg
K0957,68.0,89783.0,1.0,73.0,138190.26,Baden-Württemberg
K0958,56.0,42003.0,0.0,43.0,84471.99,Hessen
K0959,65.0,59789.0,1.0,45.0,96988.98,Niedersachsen
K0960,58.0,67540.0,1.0,47.0,106543.4,Bayern
K0961,67.0,81679.0,0.0,57.0,124223.23,Bayern
K0962,62.0,80910.0,0.0,59.0,108522.61,Bayern
K0963,66.0,77961.0,0.0,40.0,121393.97,Niedersachsen
K0964,56.0,67000.0,1.0,63.0,117255.91,Baden-Württemberg
K0965,62.0,67502.0,1.0,43.0,104564.5,Sachsen
K0966,33.0,57513.0,0.0,44.0,62722.06,Bayern
K0967,51.0,47827.0,1.0,39.0,71298.43,Thüringen
K0968,31.0,41983.0,1.0,50.0,43660.45,Baden-Württemberg
K0969,39.0,36057.0,1.0,32.0,73098.28,Nordrhein-Westfalen
K0970,34.0,47144.0,1.0,50.0,76527.76,Bayern
K0971,39.0,35523.0,1.0,36.0,54246.76,Baden-Württemberg
K0972,62.0,79791.0,0.0,48.0,101275.87,Nordrhein-Westfalen
K0973,67.0,78366.0,1.0,55.0,109630.95,Nordrhein-Westfalen
K0974,42.0,68945.0,1.0,49.0,88842.18,Berlin
K0975,60.0,66507.0,1.0,41.0,103384.25,Niedersachsen
K0976,65.0,79589.0,0.0,57.0,117896.45,Hessen
K0977,53.0,53504.0,1.0,42.0,98914.66,Nordrhein-Westfalen
K0978,44.0,49072.0,1.0,43.0,68862.67,Bayern
K0979,58.0,68532.0,0.0,51.0,86666.09,Hamburg
K0980,37.0,28037.0,0.0,24.0,37558.95,Brandenburg
K0981,34.0,25970.0,0.0,33.0,45444.01,Bayern
K0982,58.0,73890.0,0.0,48.0,100147.52,Sachsen
K0983,33.0,38675.0,1.0,13.0,56493.4,Baden-Württemberg
K0984,41.0,42509.0,0.0,37.0,61738.05,Baden-Württemberg
K0985,31.0,30097.0,1.0,26.0,59710.03,Hessen
K0986,56.0,57640.0,0.0,46.0,83811.43,Niedersachsen
K0987,60.0,70775.0,0.0,64.0,101574.15,Baden-Württemberg
K0988,65.0,79806.0,0.0,69.0,124673.13,Berlin
K0989,65.0,52291.0,0.0,40.0,83234.33,Sachsen
K0990,55.0,79452.0,1.0,49.0,117307.67,Bayern
K0991,56.0,79765.0,1.0,59.0,117216.16,Niedersachsen
K0992,34.0,16069.0,0.0,20.0,36929.31,Nordrhein-Westfalen
K0993,49.0,69396.0,0.0,52.0,86666.48,Berlin
K0994,40.0,59298.0,1.0,40.0,96941.73,Sachsen
K0995,39.0,46774.0,1.0,40.0,93641.06,Nordrhein-Westfalen
K0996,69.0,65252.0,1.0,42.0,105771.99,Berlin
K0997,67.0,88160.0,0.0,67.0,116308.36,Hessen
K0998,35.0,39813.0,0.0,31.0,60757.87,Niedersachsen
K0999,37.0,50552.0,1.0,45.0,83913.36,Hessen
K1000,52.0,84942.0,1.0,49.0,110785.84,Nordrhein-Westfalen
K1001,55.0,66861.0,0.0,54.0,97465.12,Bayern
K1002,41.0,38996.0,0.0,28.0,66237.4,Bayern
K1003,55.0,60489.0,1.0,47.0,105741.8,Bayern
K1004,42.0,41463.0,1.0,43.0,74976.67,Baden-Württemberg
K1005,69.0,84021.0,1.0,56.0,133358.19,Baden-Württemberg
K1006,47.0,46708.0,1.0,31.0,70719.18,Nordrhein-Westfalen
K1007,54.0,57917.0,1.0,47.0,94386.02,Niedersachsen
K1008,62.0,57795.0,0.0,38.0,85730.62,Niedersachsen
K1009,69.0,77887.0,0.0,51.0,126098.91,Hessen
K1010,41.0,50856.0,1.0,42.0,87967.12,Nordrhein-Westfalen
K1011,65.0,45863.0,0.0,47.0,88037.39,Brandenburg
K1012,33.0,43075.0,1.0,37.0,60255.17,Nordrhein-Westfalen
K1013,34.0,40849.0,1.0,36.0,60157.5,Bayern
K1014,66.0,67768.0,1.0,54.0,125157.59,Sachsen
K1015,37.0,66600.0,1.0,49.0,86748.87,Niedersachsen
K1016,57.0,76694.0,0.0,58.0,120681.69,Bayern
K1017,60.0,57664.0,0.0,51.0,95386.14,Hessen
K1018,38.0,54775.0,1.0,40.0,75261.51,Hamburg
K1019,58.0,80881.0,1.0,33.0,102290.11,Baden-Württemberg
K1020,43.0,52541.0,0.0,36.0,79916.64,Hessen
K1022,70.0,84074.0,1.0,57.0,144045.32,Baden-Württemberg
K1023,51.0,37169.0,0.0,31.0,57319.84,Sachsen
K1024,40.0,45828.0,1.0,46.0,93946.55,Niedersachsen
K1025,52.0,58284.0,1.0,43.0,93481.79,Nordrhein-Westfalen
K1026,30.0,52514.0,1.0,27.0,76020.69,Niedersachsen
K1027,66.0,79684.0,0.0,44.0,111685.27,Bayern
K1028,50.0,55477.0,1.0,46.0,88889.58,Hamburg
K1029,55.0,63152.0,1.0,46.0,101027.77,Niedersachsen
K1030,65.0,86078.0,0.0,68.0,133381.03,Thüringen
K1031,52.0,58873.0,1.0,39.0,80225.35,Bayern
K1032,30.0,29432.0,0.0,28.0,61522.97,Nordrhein-Westfalen
K1033,69.0,76330.0,1.0,47.0,120784.01,Sachsen
K1034,44.0,62396.0,0.0,43.0,94641.94,Niedersachsen
K1035,50.0,64086.0,1.0,34.0,92285.2,Sachsen
K1036,38.0,46165.0,1.0,35.0,60325.44,Berlin
K1037,38.0,47762.0,1.0,39.0,72194.21,Thüringen
K1038,39.0,40699.0,1.0,34.0,66612.75,Niedersachsen
K1039,55.0,62026.0,0.0,61.0,79649.63,Baden-Württemberg
K1040,70.0,73211.0,0.0,64.0,121272.09,Sachsen
K1041,64.0,70698.0,1.0,45.0,118855.24,Brandenburg
K1042,54.0,77644.0,1.0,40.0,103145.7,Berlin
K1043,55.0,52440.0,0.0,41.0,73482.49,Hessen
K1044,40.0,40385.0,0.0,38.0,60570.44,Baden-Württemberg
K1045,67.0,63547.0,1.0,41.0,103123.57,Berlin
K1046,31.0,22137.0,1.0,20.0,38697.44,Nordrhein-Westfalen
K1047,36.0,41489.0,1.0,47.0,63321.68,Baden-Württemberg
K1048,47.0,48752.0,0.0,38.0,78207.23,Bayern
K1049,56.0,84320.0,1.0,62.0,104544.82,Baden-Württemberg
K1050,63.0,69742.0,1.0,43.0,94365.56,Berlin
K1051,56.0,79198.0,1.0,54.0,85437.96,Nordrhein-Westfalen
K1052,46.0,64863.0,0.0,45.0,101644.17,Nordrhein-Westfalen
K1053,53.0,59694.0,1.0,40.0,91743.18,Sachsen
K1054,54.0,85929.0,1.0,66.0,129836.57,Hessen
K1055,36.0,46427.0,1.0,28.0,57408.1,Bayern
K1056,35.0,58838.0,1.0,47.0,81539.66,Sachsen
K1057,53.0,77106.0,1.0,51.0,111716.45,Nordrhein-Westfalen
K1058,62.0,76222.0,1.0,56.0,107580.68,Hessen
K1059,58.0,75531.0,1.0,50.0,94646.93,Niedersachsen
K1060,51.0,66558.0,1.0,54.0,115445.45,Sachsen
K1061,55.0,51720.0,1.0,34.0,98714.27,Niedersachsen
K1062,57.0,66921.0,0.0,57.0,95988.37,Bayern
K1063,50.0,70355.0,0.0,50.0,104977.17,Niedersachsen
K1064,36.0,60066.0,1.0,36.0,78126.13,Baden-Württemberg
K1065,46.0,46549.0,0.0,43.0,62984.61,Berlin
K1066,49.0,63355.0,1.0,45.0,111931.58,Berlin
K1067,70.0,82041.0,1.0,44.0,106587.98,Baden-Württemberg
K1068,49.0,56341.0,1.0,45.0,83125.26,Baden-Württemberg
K1069,51.0,63650.0,1.0,54.0,95477.5,Baden-Württemberg
K1070,57.0,68664.0,0.0,58.0,118552.48,Niedersachsen
K1071,69.0,85191.0,0.0,55.0,134143.64,Nordrhein-Westfalen
K1072,36.0,59150.0,0.0,46.0,63818.75,Thüringen
K1073,30.0,45508.0,1.0,38.0,64916.89,Bayern
K1074,61.0,74008.0,1.0,62.0,110730.9,Hessen
K1075,42.0,70246.0,1.0,44.0,94369.73,Sachsen
K1076,59.0,80507.0,1.0,52.0,122494.92,Baden-Württemberg
K1077,52.0,59873.0,1.0,39.0,76854.89,Niedersachsen
K1078,48.0,43335.0,1.0,27.0,67948.2,Nordrhein-Westfalen
K1079,61.0,59927.0,1.0,47.0,100903.48,Baden-Württemberg
K1080,59.0,78591.0,1.0,66.0,121131.95,Nordrhein-Westfalen
K1081,58.0,60549.0,0.0,44.0,95376.05,Nordrhein-Westfalen
K1082,58.0,56452.0,0.0,37.0,86683.9,Baden-Württemberg
K1084,45.0,45825.0,1.0,42.0,80681.1,Baden-Württemberg
K1085,69.0,88545.0,1.0,58.0,130019.9,Bayern
K1086,48.0,54835.0,1.0,52.0,73324.94,Brandenburg
K1087,47.0,40566.0,0.0,30.0,54913.08,Hamburg
K1088,30.0,37341.0,1.0,32.0,41316.33,Bayern
K1089,43.0,53520.0,1.0,44.0,94866.27,Sachsen
K1090,31.0,32891.0,0.0,34.0,59486.79,Bayern
K1091,57.0,78835.0,1.0,55.0,112307.45,Baden-Württemberg
K1092,59.0,63905.0,1.0,38.0,94428.01,Bayern
K1093,67.0,89170.0,1.0,76.0,123408.48,Hamburg
K1094,33.0,46732.0,1.0,37.0,78942.39,Berlin
K1095,30.0,47053.0,1.0,39.0,85990.12,Bayern
K1096,37.0,32686.0,1.0,36.0,49215.87,Baden-Württemberg
K1097,58.0,68451.0,1.0,45.0,114851.71,Nordrhein-Westfalen
K1098,68.0,77662.0,1.0,54.0,118227.18,Thüringen
K1099,32.0,23753.0,0.0,22.0,40179.55,Bayern
K1100,61.0,82624.0,1.0,59.0,134755.8,Berlin
K1101,39.0,37905.0,1.0,32.0,61717.86,Hessen
K1102,39.0,40159.0,1.0,37.0,67170.69,Niedersachsen
K1103,48.0,45545.0,0.0,30.0,75700.83,Berlin
K1104,63.0,80414.0,1.0,49.0,101554.64,Sachsen
K1105,42.0,57149.0,0.0,35.0,,Hessen
K1106,34.0,43359.0,1.0,33.0,,Berlin
K1107,33.0,45748.0,1.0,55.0,,Niedersachsen
K1108,57.0,58634.0,1.0,32.0,,Thüringen
K1109,43.0,53592.0,0.0,31.0,,Nordrhein-Westfalen
K1110,37.0,38266.0,1.0,36.0,,Baden-Württemberg
K1111,38.0,50640.0,1.0,28.0,,Bayern
K1112,64.0,70306.0,1.0,36.0,,Berlin
K1113,66.0,76116.0,0.0,59.0,,Bayern
K1114,50.0,43390.0,1.0,38.0,,Niedersachsen
K1115,47.0,46133.0,1.0,38.0,,Nordrhein-Westfalen
K1116,62.0,77683.0,0.0,28.0,,Nordrhein-Westfalen
K1117,37.0,37027.0,0.0,52.0,,Thüringen
K1118,46.0,65112.0,0.0,54.0,,Bayern
K1119,60.0,63515.0,1.0,44.0,,Nordrhein-Westfalen
K1120,63.0,79754.0,1.0,42.0,,Nordrhein-Westfalen
K1121,35.0,35621.0,0.0,33.0,,Bayern
K1122,51.0,64923.0,1.0,39.0,,Nordrhein-Westfalen
K1123,43.0,38134.0,0.0,27.0,,Baden-Württemberg
K1124,32.0,34848.0,0.0,24.0,,Nordrhein-Westfalen
K1125,41.0,41971.0,1.0,20.0,,Hamburg
K1126,65.0,86000.0,0.0,39.0,,Bayern
K1127,41.0,53765.0,0.0,21.0,,Niedersachsen
K1128,31.0,26638.0,1.0,30.0,,Niedersachsen
K1129,31.0,35917.0,1.0,34.0,,Bayern
K1130,44.0,46192.0,1.0,45.0,,Baden-Württemberg
K1131,52.0,71199.0,1.0,29.0,,Berlin
K1132,58.0,81205.0,1.0,46.0,,Hessen
K1133,46.0,42529.0,0.0,44.0,,Nordrhein-Westfalen
K1134,61.0,80751.0,0.0,24.0,,Sachsen
K1135,36.0,36252.0,1.0,46.0,,Hamburg
K1136,59.0,68649.0,1.0,32.0,,Nordrhein-Westfalen
K1137,57.0,68849.0,0.0,30.0,,Berlin
K1138,43.0,68343.0,1.0,32.0,,Nordrhein-Westfalen
K1139,59.0,61880.0,0.0,35.0,,Bayern
K1140,46.0,63048.0,1.0,31.0,,Berlin
K1141,61.0,62739.0,1.0,27.0,,Niedersachsen
K1142,35.0,31306.0,1.0,27.0,,Baden-Württemberg
K1143,53.0,64075.0,0.0,36.0,,Nordrhein-Westfalen
K1144,35.0,42684.0,1.0,33.0,,Nordrhein-Westfalen
K1145,56.0,41843.0,0.0,40.0,,Berlin
K1146,47.0,67161.0,1.0,36.0,,Berlin
K1147,53.0,44537.0,1.0,36.0,,Nordrhein-Westfalen
K1148,66.0,77908.0,1.0,41.0,,Nordrhein-Westfalen
K1149,53.0,75786.0,0.0,49.0,,Bayern
K1150,67.0,100322.0,0.0,50.0,,Bayern
K1151,63.0,72396.0,1.0,48.0,,Niedersachsen
K1152,69.0,69862.0,1.0,44.0,,Hessen
K1153,44.0,64787.0,1.0,56.0,,Baden-Württemberg
K1154,40.0,56212.0,1.0,39.0,,Bayern
K1155,51.0,57041.0,1.0,38.0,,Sachsen
K1156,53.0,58268.0,0.0,57.0,,Niedersachsen
K1157,30.0,30097.0,0.0,8.0,,Thüringen
K1158,47.0,53602.0,1.0,33.0,,Nordrhein-Westfalen
K1159,41.0,52448.0,1.0,48.0,,Sachsen
K1160,57.0,63457.0,0.0,45.0,,Bayern
K1161,69.0,78816.0,0.0,61.0,,Nordrhein-Westfalen
K1162,36.0,49454.0,1.0,36.0,,Baden-Württemberg
K1163,52.0,49271.0,1.0,31.0,,Niedersachsen
K1164,50.0,56875.0,1.0,32.0,,Berlin
K1165,63.0,60562.0,1.0,38.0,,Bayern
K1166,40.0,49391.0,1.0,51.0,,Nordrhein-Westfalen
K1167,51.0,43967.0,1.0,51.0,,Nordrhein-Westfalen
K1168,64.0,84876.0,0.0,34.0,,Baden-Württemberg
K1169,58.0,57894.0,1.0,38.0,,Hessen
K1170,57.0,52581.0,1.0,29.0,,Bayern
K1171,47.0,53431.0,1.0,30.0,,Berlin
K1172,43.0,67392.0,0.0,45.0,,Nordrhein-Westfalen
K1173,47.0,63119.0,0.0,51.0,,Bayern
K1174,57.0,51231.0,1.0,28.0,,Sachsen
K1175,53.0,51712.0,1.0,37.0,,Baden-Württemberg
K1176,37.0,41293.0,0.0,33.0,,Niedersachsen
K1177,37.0,65035.0,1.0,44.0,,Niedersachsen
K1178,33.0,31655.0,1.0,31.0,,Bayern
K1179,56.0,58983.0,1.0,16.0,,Bayern
K1180,65.0,91807.0,1.0,45.0,,Nordrhein-Westfalen
K1181,34.0,43060.0,1.0,32.0,,Nordrhein-Westfalen
K1182,62.0,83975.0,0.0,33.0,,Bayern
K1183,63.0,69115.0,0.0,39.0,,Hamburg
K1184,59.0,70013.0,1.0,39.0,,Baden-Württemberg
K1185,37.0,56718.0,0.0,40.0,,Bayern
K1186,68.0,80288.0,1.0,19.0,,Brandenburg
K1187,55.0,76312.0,1.0,41.0,,Baden-Württemberg
K1188,66.0,82715.0,0.0,16.0,,Nordrhein-Westfalen
K1189,63.0,66298.0,0.0,43.0,,Niedersachsen
K1190,36.0,43526.0,1.0,46.0,,Sachsen
K1191,69.0,91625.0,1.0,21.0,,Niedersachsen
K1192,57.0,74593.0,0.0,38.0,,Sachsen
K1193,68.0,81231.0,0.0,46.0,,Hessen
K1194,68.0,64542.0,0.0,31.0,,Hessen
K1195,57.0,52370.0,1.0,42.0,,Thüringen
K1196,43.0,37697.0,1.0,7.0,,Niedersachsen
K1197,67.0,75808.0,1.0,46.0,,Baden-Württemberg
K1198,33.0,36719.0,1.0,35.0,,Nordrhein-Westfalen
K1199,47.0,43409.0,0.0,32.0,,Sachsen
K1200,54.0,74221.0,1.0,45.0,,Nordrhein-Westfalen
K1201,36.0,32282.0,1.0,52.0,,Hessen
K1202,67.0,68055.0,0.0,40.0,,Niedersachsen
K1203,57.0,69354.0,1.0,51.0,,Thüringen
K1204,34.0,50082.0,1.0,19.0,,Baden-Württemberg
K1205,32.0,57456.0,0.0,42.0,,Niedersachsen
K1206,60.0,77365.0,0.0,34.0,,Bayern
K1207,49.0,73319.0,0.0,27.0,,Niedersachsen
K1208,48.0,46968.0,1.0,16.0,,Hessen
K1209,40.0,67881.0,0.0,41.0,,Baden-Württemberg
K1210,69.0,65999.0,0.0,44.0,,Bayern
K1211,32.0,34392.0,1.0,48.0,,Hessen
K1212,52.0,67687.0,1.0,47.0,,Baden-Württemberg
K1213,36.0,29204.0,0.0,27.0,,Bayern
K1214,52.0,54277.0,1.0,48.0,,Nordrhein-Westfalen
K1215,36.0,33885.0,0.0,49.0,,Bayern
K1216,63.0,72872.0,1.0,32.0,,Brandenburg
K1217,48.0,70708.0,1.0,35.0,,Sachsen
K1218,38.0,46195.0,1.0,26.0,,Bayern
K1219,47.0,52535.0,0.0,50.0,,Berlin
K1220,70.0,57965.0,1.0,20.0,,Hessen
K1221,54.0,69211.0,1.0,40.0,,Nordrhein-Westfalen
K1222,43.0,59090.0,0.0,29.0,,Sachsen
K1223,54.0,49680.0,0.0,24.0,,Sachsen
K1224,48.0,57290.0,0.0,16.0,,Nordrhein-Westfalen
K1225,68.0,83334.0,1.0,33.0,,Bayern
K1226,44.0,61848.0,1.0,22.0,,Baden-Württemberg
K1227,45.0,47805.0,0.0,36.0,,Berlin
K1228,56.0,59483.0,0.0,53.0,,Baden-Württemberg
K1229,69.0,78664.0,1.0,37.0,,Niedersachsen
K1230,39.0,58806.0,1.0,55.0,,Niedersachsen
K1231,33.0,49528.0,0.0,25.0,,Baden-Württemberg
K1232,48.0,57701.0,1.0,22.0,,Nordrhein-Westfalen
K1233,57.0,77751.0,0.0,25.0,,Bayern
K1234,50.0,38912.0,1.0,34.0,,Berlin
K1235,43.0,59105.0,1.0,62.0,,Niedersachsen
K1236,62.0,64399.0,0.0,18.0,,Berlin
K1237,39.0,63156.0,1.0,41.0,,Berlin
K1238,48.0,48300.0,1.0,28.0,,Baden-Württemberg
K1239,59.0,63242.0,1.0,33.0,,Berlin
K1240,51.0,66518.0,1.0,22.0,,Nordrhein-Westfalen
K1241,32.0,44873.0,0.0,44.0,,Sachsen
K1242,66.0,75201.0,0.0,35.0,,Berlin
K1243,70.0,87312.0,0.0,46.0,,Berlin
K1244,47.0,61174.0,1.0,37.0,,Niedersachsen
K1245,40.0,51957.0,1.0,16.0,,Sachsen
K1246,31.0,34102.0,1.0,46.0,,Bayern
K1247,41.0,54152.0,0.0,15.0,,Berlin
K1248,35.0,55165.0,0.0,16.0,,Nordrhein-Westfalen
K1249,69.0,71732.0,0.0,26.0,,Hessen
K1250,58.0,62171.0,1.0,26.0,,Baden-Württemberg
K1251,59.0,71174.0,1.0,49.0,,Hessen
K1252,31.0,28228.0,1.0,33.0,,Baden-Württemberg
K1253,38.0,29788.0,1.0,47.0,,Hamburg
K1254,31.0,47602.0,1.0,29.0,,Hamburg
K1255,58.0,49653.0,0.0,38.0,,Nordrhein-Westfalen
K1256,62.0,70857.0,1.0,40.0,,Berlin
K1257,39.0,54070.0,1.0,42.0,,Bayern
K1258,63.0,78073.0,1.0,30.0,,Bayern
K1259,37.0,41368.0,0.0,31.0,,Nordrhein-Westfalen
K1260,66.0,69331.0,0.0,32.0,,Baden-Württemberg
K1261,62.0,77583.0,0.0,18.0,,Berlin
K1262,35.0,33579.0,0.0,34.0,,Baden-Württemberg
K1263,69.0,85176.0,1.0,31.0,,Nordrhein-Westfalen
K1264,48.0,59164.0,0.0,41.0,,Berlin
K1265,61.0,74660.0,1.0,36.0,,Bayern
K1266,56.0,61602.0,1.0,48.0,,Bayern
K1267,30.0,54907.0,0.0,36.0,,Nordrhein-Westfalen
K1268,62.0,77713.0,0.0,29.0,,Hessen
K1269,69.0,80267.0,1.0,36.0,,Niedersachsen
K1270,61.0,75681.0,1.0,42.0,,Sachsen
K1271,34.0,34322.0,1.0,17.0,,Sachsen
K1272,46.0,52041.0,1.0,28.0,,Bayern
K1273,37.0,66419.0,1.0,28.0,,Thüringen
K1274,63.0,68752.0,1.0,39.0,,Baden-Württemberg
K1275,38.0,45342.0,1.0,40.0,,Berlin
K1276,52.0,58522.0,0.0,36.0,,Sachsen
K1277,64.0,67482.0,1.0,10.0,,Bayern
K1278,36.0,47469.0,1.0,18.0,,Bayern
K1279,44.0,53482.0,1.0,33.0,,Bayern
K1280,49.0,67291.0,0.0,30.0,,Hessen
K1281,54.0,72310.0,1.0,35.0,,Berlin
K1282,32.0,47052.0,1.0,30.0,,Nordrhein-Westfalen
K1283,53.0,55542.0,1.0,50.0,,Sachsen
K1284,63.0,81446.0,0.0,12.0,,Niedersachsen
K1285,51.0,67445.0,0.0,38.0,,Bayern
K1286,40.0,39210.0,0.0,43.0,,Sachsen
K1287,37.0,41986.0,0.0,42.0,,Bayern
K1288,68.0,68468.0,0.0,43.0,,Baden-Württemberg
K1289,64.0,82890.0,0.0,44.0,,Baden-Württemberg
K1290,67.0,86403.0,1.0,29.0,,Hessen
K1291,37.0,57752.0,1.0,24.0,,Baden-Württemberg
K1292,66.0,77161.0,0.0,15.0,,Baden-Württemberg
K1293,56.0,71443.0,1.0,31.0,,Bayern
K1294,57.0,77462.0,1.0,27.0,,Bayern
K1295,69.0,75983.0,0.0,47.0,,Hessen
K1296,63.0,67502.0,1.0,32.0,,Nordrhein-Westfalen
K1297,61.0,66783.0,0.0,25.0,,Nordrhein-Westfalen
K1298,44.0,50005.0,0.0,23.0,,Bayern
K1299,46.0,47676.0,1.0,55.0,,Bayern
K1300,62.0,68356.0,0.0,35.0,,Thüringen
K1301,45.0,62279.0,1.0,27.0,,Baden-Württemberg
K1302,58.0,68875.0,1.0,36.0,,Nordrhein-Westfalen
K1303,38.0,48808.0,1.0,54.0,,Baden-Württemberg
K1304,62.0,69520.0,0.0,31.0,,Sachsen
K1305,58.0,64188.0,0.0,42.0,,Bayern
K1306,42.0,53358.0,1.0,47.0,,Berlin
K1307,50.0,61400.0,0.0,16.0,,Niedersachsen
K1308,50.0,67276.0,1.0,29.0,,Hessen
K1309,34.0,53036.0,0.0,46.0,,Bayern
K1310,39.0,40996.0,1.0,28.0,,Hessen
K1311,35.0,50251.0,0.0,39.0,,Nordrhein-Westfalen
K1312,42.0,41050.0,1.0,27.0,,Baden-Württemberg
K1313,30.0,55256.0,1.0,31.0,,Baden-Württemberg
K1314,49.0,51991.0,1.0,29.0,,Berlin
K1315,37.0,51084.0,0.0,41.0,,Baden-Württemberg
K1316,39.0,37428.0,1.0,37.0,,Niedersachsen
K1317,38.0,44673.0,0.0,36.0,,Bayern
K1318,70.0,97897.0,1.0,60.0,,Berlin
K1319,32.0,31563.0,1.0,52.0,,Baden-Württemberg
K1320,40.0,68282.0,1.0,15.0,,Hamburg
K1321,41.0,49551.0,0.0,31.0,,Baden-Württemberg
K1322,39.0,56024.0,1.0,59.0,,Baden-Württemberg
K1323,54.0,68636.0,0.0,29.0,,Baden-Württemberg
K1324,54.0,69123.0,0.0,56.0,,Thüringen
K1325,40.0,35559.0,0.0,31.0,,Baden-Württemberg
K1326,65.0,73776.0,1.0,33.0,,Niedersachsen
K1327,68.0,92374.0,0.0,44.0,,Baden-Württemberg
K1328,55.0,63085.0,0.0,34.0,,Baden-Württemberg
K1329,43.0,53220.0,1.0,40.0,,Brandenburg
K1330,68.0,67645.0,0.0,51.0,,Berlin
K1331,69.0,77933.0,1.0,43.0,,Thüringen
K1332,30.0,46686.0,1.0,36.0,,Sachsen
K1333,33.0,28557.0,1.0,52.0,,Nordrhein-Westfalen
K1334,59.0,77392.0,1.0,44.0,,Hessen
K1335,41.0,51201.0,1.0,28.0,,Berlin
K1336,64.0,74727.0,1.0,55.0,,Bayern
K1337,42.0,48260.0,0.0,41.0,,Sachsen
K1338,60.0,67688.0,1.0,33.0,,Hessen
K1339,67.0,76785.0,1.0,15.0,,Hessen
K1340,52.0,71014.0,1.0,21.0,,Bayern
K1341,33.0,36224.0,0.0,52.0,,Baden-Württemberg
K1342,45.0,70632.0,0.0,52.0,,Sachsen
K1343,36.0,46373.0,0.0,36.0,,Bayern
K1344,51.0,56254.0,0.0,17.0,,Berlin
K1345,58.0,78518.0,1.0,24.0,,Baden-Württemberg
K1346,40.0,54037.0,0.0,19.0,,Nordrhein-Westfalen
K1347,62.0,59573.0,1.0,18.0,,Baden-Württemberg
K1348,58.0,60419.0,1.0,55.0,,Nordrhein-Westfalen
K1349,68.0,80553.0,0.0,56.0,,Baden-Württemberg
K1350,41.0,35324.0,1.0,24.0,,Sachsen
K1351,36.0,62518.0,0.0,35.0,,Nordrhein-Westfalen
K1352,68.0,89005.0,0.0,22.0,,Baden-Württemberg
K1353,55.0,66068.0,1.0,35.0,,Hessen
K1354,69.0,79690.0,1.0,51.0,,Bayern
K1355,38.0,40638.0,1.0,46.0,,Baden-Württemberg
K1356,70.0,66260.0,0.0,43.0,,Nordrhein-Westfalen
K1357,63.0,60049.0,0.0,33.0,,Berlin
K1358,42.0,67920.0,1.0,48.0,,Berlin
K1359,65.0,92223.0,1.0,41.0,,Baden-Württemberg
K1360,54.0,59814.0,0.0,39.0,,Berlin
K1361,53.0,72003.0,0.0,34.0,,Nordrhein-Westfalen
K1362,46.0,60088.0,1.0,38.0,,Bayern
K1363,31.0,43376.0,1.0,38.0,,Thüringen
K1364,42.0,37937.0,0.0,30.0,,Sachsen
K1365,60.0,55815.0,1.0,27.0,,Baden-Württemberg
K1366,58.0,80404.0,1.0,25.0,,Baden-Württemberg
K1367,57.0,50717.0,0.0,26.0,,Nordrhein-Westfalen
K1368,56.0,66038.0,0.0,33.0,,Berlin
K1369,44.0,49839.0,1.0,31.0,,Baden-Württemberg
K1370,60.0,67966.0,1.0,29.0,,Bayern
K1371,69.0,85613.0,1.0,28.0,,Hessen
K1372,44.0,47046.0,1.0,38.0,,Nordrhein-Westfalen
K1373,62.0,78051.0,0.0,49.0,,Baden-Württemberg
K1374,49.0,60351.0,1.0,35.0,,Baden-Württemberg
K1375,41.0,68516.0,0.0,34.0,,Sachsen
K1376,66.0,66736.0,0.0,26.0,,Nordrhein-Westfalen
K1377,38.0,46307.0,1.0,33.0,,Hessen
K1378,52.0,66522.0,1.0,47.0,,Nordrhein-Westfalen
K1379,37.0,42547.0,1.0,45.0,,Berlin
K1380,61.0,61246.0,0.0,45.0,,Nordrhein-Westfalen
K1381,43.0,63300.0,0.0,44.0,,Berlin
K1382,56.0,70411.0,1.0,39.0,,Bayern
K1383,54.0,53584.0,0.0,39.0,,Nordrhein-Westfalen
K1384,42.0,54738.0,0.0,37.0,,Berlin
K1385,50.0,75602.0,0.0,31.0,,Thüringen
K1386,60.0,71786.0,1.0,36.0,,Bayern
K1387,66.0,79204.0,1.0,37.0,,Sachsen
K1388,34.0,55437.0,0.0,41.0,,Sachsen
K1389,42.0,42036.0,1.0,36.0,,Bayern
K1390,57.0,84131.0,1.0,56.0,,Nordrhein-Westfalen
K1391,54.0,73773.0,1.0,23.0,,Berlin
K1392,64.0,68523.0,1.0,43.0,,Sachsen
K1393,68.0,75570.0,1.0,35.0,,Berlin
K1394,36.0,38943.0,0.0,35.0,,Nordrhein-Westfalen
K1395,67.0,63881.0,1.0,27.0,,Berlin
K1396,61.0,75647.0,1.0,45.0,,Bayern
K1397,32.0,31011.0,0.0,42.0,,Baden-Württemberg
K1398,68.0,84267.0,1.0,43.0,,Berlin
K1399,66.0,67587.0,1.0,37.0,,Nordrhein-Westfalen
K1400,51.0,69769.0,0.0,32.0,,Hessen
K1401,37.0,51507.0,0.0,34.0,,Niedersachsen
K1402,46.0,49161.0,0.0,39.0,,Bayern
K1403,56.0,70616.0,0.0,15.0,,Brandenburg
K1404,62.0,75231.0,1.0,44.0,,Baden-Württemberg
K1405,46.0,68885.0,0.0,59.0,,Nordrhein-Westfalen
K1406,41.0,40292.0,1.0,40.0,,Thüringen
K1407,56.0,66001.0,0.0,32.0,,Berlin
K1408,37.0,39083.0,1.0,33.0,,Baden-Württemberg
K1409,52.0,63038.0,0.0,42.0,,Baden-Württemberg
K1410,58.0,74551.0,0.0,32.0,,Niedersachsen
K1411,49.0,53203.0,0.0,44.0,,Hessen
K1412,45.0,51057.0,1.0,33.0,,Nordrhein-Westfalen
K1413,46.0,64231.0,1.0,52.0,,Bayern
K1414,45.0,66573.0,0.0,52.0,,Nordrhein-Westfalen
K1415,48.0,62342.0,0.0,32.0,,Niedersachsen
K1416,37.0,43615.0,1.0,34.0,,Bayern
K1417,67.0,78308.0,0.0,35.0,,Hamburg
K1418,67.0,85350.0,0.0,35.0,,Baden-Württemberg
K1419,58.0,71797.0,1.0,26.0,,Berlin
K1420,70.0,69100.0,0.0,24.0,,Sachsen
K1421,65.0,83198.0,1.0,47.0,,Berlin
K1422,55.0,58431.0,1.0,46.0,,Nordrhein-Westfalen
K1423,60.0,59341.0,1.0,46.0,,Hessen
K1424,41.0,34560.0,0.0,34.0,,Baden-Württemberg
K1425,46.0,53576.0,0.0,54.0,,Hessen
K1426,44.0,43991.0,1.0,35.0,,Brandenburg
K1427,38.0,25074.0,0.0,44.0,,Berlin
K1428,68.0,78363.0,0.0,21.0,,Baden-Württemberg
K1429,41.0,45177.0,0.0,33.0,,Berlin
K1430,61.0,71948.0,1.0,33.0,,Baden-Württemberg
K1431,54.0,59335.0,0.0,34.0,,Baden-Württemberg
K1432,68.0,98083.0,1.0,22.0,,Berlin
K1433,47.0,61372.0,1.0,42.0,,Bayern
K1434,44.0,48650.0,1.0,45.0,,Sachsen
K1435,61.0,72725.0,1.0,28.0,,Berlin
K1436,35.0,55240.0,0.0,24.0,,Nordrhein-Westfalen
K1437,64.0,85477.0,1.0,27.0,,Hamburg
K1438,63.0,63083.0,0.0,40.0,,Niedersachsen
K1439,67.0,71627.0,1.0,29.0,,Bayern
K1440,34.0,34256.0,1.0,34.0,,Sachsen
K1441,47.0,52745.0,0.0,24.0,,Hamburg
K1442,45.0,48971.0,0.0,55.0,,Nordrhein-Westfalen
K1443,37.0,45165.0,1.0,36.0,,Bayern
K1444,54.0,71635.0,1.0,46.0,,Baden-Württemberg
K1445,61.0,81435.0,1.0,40.0,,Niedersachsen
K1446,55.0,63243.0,1.0,35.0,,Baden-Württemberg
K1447,51.0,46713.0,0.0,34.0,,Berlin
K1448,60.0,62735.0,0.0,28.0,,Baden-Württemberg
K1449,39.0,42543.0,1.0,30.0,,Hessen
K1450,41.0,38376.0,0.0,25.0,,Thüringen
K1451,57.0,78842.0,0.0,24.0,,Berlin
K1452,35.0,31856.0,1.0,56.0,,Nordrhein-Westfalen
K1453,49.0,64641.0,1.0,38.0,,Brandenburg
K1454,34.0,26143.0,0.0,50.0,,Brandenburg
K1455,52.0,68558.0,0.0,27.0,,Sachsen
K1456,38.0,44788.0,1.0,22.0,,Sachsen
K1457,58.0,83378.0,1.0,25.0,,Nordrhein-Westfalen
K1458,45.0,44139.0,1.0,31.0,,Bayern
K1459,51.0,56364.0,0.0,35.0,,Hamburg
K1460,37.0,41519.0,1.0,33.0,,Bayern
K1461,49.0,57704.0,1.0,27.0,,Berlin
K1462,43.0,48850.0,0.0,36.0,,Brandenburg
K1463,68.0,78649.0,0.0,37.0,,Nordrhein-Westfalen
K1464,66.0,76131.0,0.0,42.0,,Sachsen
K1465,63.0,56999.0,1.0,50.0,,Berlin
K1466,40.0,57367.0,1.0,31.0,,Baden-Württemberg
K1467,69.0,108569.0,1.0,47.0,,Nordrhein-Westfalen
K1468,62.0,77172.0,1.0,36.0,,Baden-Württemberg
K1469,60.0,61876.0,0.0,20.0,,Hessen
K1470,63.0,66343.0,1.0,53.0,,Baden-Württemberg
K1471,36.0,49201.0,1.0,58.0,,Berlin
K1472,52.0,66108.0,1.0,41.0,,Thüringen
K1473,36.0,41111.0,1.0,36.0,,Baden-Württemberg
K1474,54.0,71795.0,0.0,32.0,,Berlin
K1475,32.0,20330.0,1.0,30.0,,Bayern
K1476,67.0,87206.0,1.0,47.0,,Sachsen
K1477,49.0,61222.0,1.0,35.0,,Nordrhein-Westfalen
K1478,63.0,66691.0,1.0,52.0,,Bayern
K1479,59.0,58009.0,1.0,35.0,,Baden-Württemberg
K1480,46.0,56617.0,0.0,31.0,,Hessen
K1481,39.0,59913.0,0.0,29.0,,Bayern
K1482,64.0,74798.0,0.0,28.0,,Niedersachsen
K1483,49.0,51392.0,0.0,40.0,,Baden-Württemberg
K1484,47.0,58433.0,0.0,22.0,,Baden-Württemberg
K1485,56.0,83787.0,0.0,27.0,,Niedersachsen
K1486,65.0,81926.0,1.0,48.0,,Bayern
K1487,52.0,67496.0,1.0,25.0,,Nordrhein-Westfalen
K1488,61.0,84321.0,1.0,44.0,,Baden-Württemberg
K1489,39.0,51488.0,0.0,14.0,,Bayern
K1490,40.0,41374.0,0.0,50.0,,Thüringen
K1491,67.0,64683.0,0.0,22.0,,Berlin
K1492,35.0,34181.0,1.0,26.0,,Niedersachsen
K1493,70.0,74006.0,0.0,42.0,,Baden-Württemberg
K1494,63.0,81612.0,1.0,38.0,,Hessen
K1495,65.0,85235.0,1.0,44.0,,Nordrhein-Westfalen
K1496,66.0,80806.0,1.0,22.0,,Bayern
K1497,46.0,44088.0,1.0,32.0,,Nordrhein-Westfalen
K1498,69.0,98883.0,1.0,29.0,,Hessen
K1499,69.0,79027.0,1.0,24.0,,Berlin
K1500,41.0,55038.0,1.0,41.0,,Hessen
K1501,50.0,60708.0,0.0,44.0,,Hessen
K1502,69.0,84660.0,0.0,32.0,,Baden-Württemberg
K1503,48.0,63015.0,0.0,50.0,,Berlin
K1504,32.0,32660.0,1.0,27.0,,Bayern
K1505,47.0,68475.0,0.0,50.0,,Berlin
K1506,48.0,43656.0,0.0,41.0,,Nordrhein-Westfalen
K1507,35.0,33127.0,1.0,23.0,,Brandenburg
K1508,45.0,65989.0,1.0,55.0,,Sachsen
K1509,37.0,50177.0,1.0,31.0,,Bayern
K1510,47.0,79608.0,1.0,47.0,,Berlin
K1511,68.0,82210.0,0.0,36.0,,Nordrhein-Westfalen
K1512,41.0,64926.0,0.0,39.0,,Hamburg
K1513,39.0,30485.0,1.0,44.0,,Hamburg
K1514,36.0,30932.0,0.0,43.0,,Baden-Württemberg
K1515,30.0,44636.0,0.0,32.0,,Berlin
K1516,65.0,62351.0,0.0,40.0,,Bayern
K1517,50.0,58485.0,1.0,40.0,,Thüringen
K1518,66.0,89745.0,0.0,37.0,,Bayern
K1519,53.0,68336.0,1.0,33.0,,Sachsen
K1520,54.0,65104.0,0.0,37.0,,Niedersachsen
K1521,36.0,39625.0,1.0,55.0,,Bayern
K1522,46.0,57346.0,1.0,32.0,,Hamburg
K1523,58.0,74947.0,0.0,47.0,,Nordrhein-Westfalen
K1524,59.0,64971.0,1.0,29.0,,Sachsen
K1525,36.0,47024.0,1.0,26.0,,Baden-Württemberg
K1526,62.0,84205.0,1.0,68.0,,Bayern
K1527,36.0,41668.0,0.0,40.0,,Bayern
K1528,53.0,64433.0,1.0,41.0,,Baden-Württemberg
K1529,40.0,52774.0,0.0,41.0,,Hessen
K1530,38.0,51013.0,1.0,49.0,,Nordrhein-Westfalen
K1531,41.0,57517.0,1.0,39.0,,Berlin
K1532,64.0,67710.0,1.0,43.0,,Nordrhein-Westfalen
K1533,33.0,35351.0,1.0,24.0,,Hessen
K1534,65.0,73605.0,1.0,45.0,,Berlin
K1535,57.0,60411.0,1.0,33.0,,Baden-Württemberg
K1536,42.0,34573.0,0.0,42.0,,Niedersachsen
K1537,52.0,33298.0,0.0,18.0,,Nordrhein-Westfalen
K1538,48.0,68669.0,1.0,41.0,,Niedersachsen
K1539,66.0,65217.0,1.0,13.0,,Baden-Württemberg
K1540,68.0,95714.0,0.0,32.0,,Bayern
K1541,53.0,70484.0,1.0,18.0,,Baden-Württemberg
K1542,45.0,50682.0,1.0,41.0,,Hessen
K1543,62.0,80040.0,0.0,36.0,,Nordrhein-Westfalen
K1544,41.0,53431.0,0.0,27.0,,Baden-Württemberg
K1545,63.0,65737.0,0.0,49.0,,Nordrhein-Westfalen
K1546,36.0,43538.0,1.0,26.0,,Hessen
K1547,40.0,39581.0,1.0,5.0,,Niedersachsen
K1548,60.0,78010.0,0.0,40.0,,Thüringen
K1549,58.0,63297.0,1.0,17.0,,Baden-Württemberg
K1550,42.0,49913.0,1.0,26.0,,Sachsen
K1551,60.0,70854.0,1.0,30.0,,Baden-Württemberg
K1552,31.0,38844.0,1.0,21.0,,Berlin
K1553,68.0,96580.0,0.0,30.0,,Nordrhein-Westfalen
K1554,44.0,50982.0,0.0,21.0,,Sachsen
K1555,40.0,59392.0,0.0,37.0,,Brandenburg
K1556,63.0,79995.0,1.0,23.0,,Hessen
K1557,68.0,94379.0,1.0,35.0,,Niedersachsen
K1558,33.0,37068.0,1.0,47.0,,Nordrhein-Westfalen
K1559,40.0,54688.0,1.0,43.0,,Baden-Württemberg
K1560,58.0,69209.0,0.0,34.0,,Nordrhein-Westfalen
K1561,31.0,10802.0,1.0,25.0,,Brandenburg
K1562,45.0,44515.0,1.0,37.0,,Berlin
K1563,68.0,86843.0,1.0,28.0,,Berlin
K1564,42.0,55437.0,0.0,37.0,,Brandenburg
K1565,66.0,67551.0,1.0,18.0,,Sachsen
K1566,46.0,57510.0,1.0,43.0,,Hamburg
K1567,50.0,64800.0,1.0,35.0,,Thüringen
K1568,48.0,57581.0,0.0,57.0,,Baden-Württemberg
K1569,36.0,50243.0,1.0,48.0,,Nordrhein-Westfalen
K1570,67.0,85750.0,0.0,41.0,,Nordrhein-Westfalen
K1571,37.0,44542.0,0.0,34.0,,Niedersachsen
K1572,42.0,46179.0,1.0,28.0,,Hessen
K1573,66.0,88621.0,0.0,44.0,,Hessen
K1574,31.0,41923.0,1.0,33.0,,Nordrhein-Westfalen
K1575,70.0,71512.0,0.0,47.0,,Nordrhein-Westfalen
K1576,40.0,50405.0,1.0,39.0,,Baden-Württemberg
K1577,53.0,53443.0,1.0,39.0,,Nordrhein-Westfalen
K1578,35.0,33794.0,1.0,41.0,,Berlin
K1579,55.0,60312.0,1.0,26.0,,Bayern
K1580,36.0,44078.0,0.0,25.0,,Nordrhein-Westfalen
K1581,68.0,84969.0,1.0,24.0,,Berlin
K1582,48.0,54207.0,0.0,45.0,,Nordrhein-Westfalen
K1583,35.0,39197.0,1.0,26.0,,Bayern
K1584,58.0,65207.0,0.0,27.0,,Baden-Württemberg
K1585,68.0,91036.0,1.0,40.0,,Brandenburg
K1586,31.0,12032.0,1.0,32.0,,Baden-Württemberg
K1587,48.0,55111.0,1.0,31.0,,Nordrhein-Westfalen
K1588,33.0,54045.0,0.0,30.0,,Bayern
K1589,35.0,47151.0,1.0,12.0,,Berlin
K1590,66.0,90643.0,1.0,25.0,,Baden-Württemberg
K1591,57.0,50222.0,1.0,47.0,,Bayern
K1592,59.0,59731.0,0.0,30.0,,Nordrhein-Westfalen
K1593,36.0,48307.0,1.0,16.0,,Baden-Württemberg
K1594,38.0,60021.0,0.0,25.0,,Niedersachsen
K1595,54.0,54717.0,1.0,39.0,,Sachsen
K1596,62.0,70988.0,0.0,38.0,,Niedersachsen
K1597,30.0,40182.0,0.0,32.0,,Nordrhein-Westfalen
K1598,35.0,29396.0,1.0,28.0,,Baden-Württemberg
K1599,47.0,61411.0,1.0,21.0,,Bayern
K1600,39.0,23110.0,1.0,39.0,,Sachsen
K1601,57.0,72996.0,1.0,43.0,,Niedersachsen
K1602,40.0,39444.0,1.0,48.0,,Niedersachsen
K1603,62.0,70449.0,0.0,24.0,,Niedersachsen
K1604,30.0,42439.0,1.0,49.0,,Berlin
K1605,42.0,54815.0,0.0,34.0,,Baden-Württemberg
K1606,66.0,79152.0,1.0,35.0,,Nordrhein-Westfalen
K1607,49.0,67814.0,0.0,44.0,,Niedersachsen
K1608,30.0,21238.0,1.0,30.0,,Berlin
K1609,32.0,40776.0,1.0,13.0,,Berlin
K1610,47.0,49586.0,1.0,42.0,,Bayern
K1611,70.0,92239.0,1.0,38.0,,Bayern
K1612,43.0,58162.0,1.0,31.0,,Nordrhein-Westfalen
K1613,60.0,78634.0,0.0,41.0,,Nordrhein-Westfalen
K1614,56.0,82205.0,0.0,43.0,,Hamburg
K1615,46.0,65676.0,1.0,20.0,,Baden-Württemberg
K1616,58.0,68325.0,1.0,35.0,,Bayern
K1617,65.0,78027.0,1.0,12.0,,Niedersachsen
K1618,66.0,84641.0,1.0,34.0,,Berlin
K1619,55.0,67416.0,1.0,31.0,,Nordrhein-Westfalen
K1620,46.0,61880.0,0.0,40.0,,Sachsen
K1621,51.0,41345.0,0.0,24.0,,Nordrhein-Westfalen
K1622,54.0,81957.0,0.0,31.0,,Berlin
K1623,31.0,38299.0,1.0,3.0,,Nordrhein-Westfalen
K1624,51.0,46824.0,0.0,41.0,,Bayern
K1625,34.0,33067.0,0.0,34.0,,Baden-Württemberg
K1626,33.0,20925.0,1.0,36.0,,Baden-Württemberg
K1627,65.0,68211.0,1.0,20.0,,Berlin
K1628,35.0,41206.0,0.0,39.0,,Sachsen
K1629,50.0,73917.0,1.0,52.0,,Bayern
K1630,42.0,54485.0,1.0,33.0,,Bayern
K1631,66.0,81323.0,1.0,42.0,,Thüringen
K1632,54.0,54772.0,0.0,26.0,,Baden-Württemberg
K1633,55.0,58757.0,1.0,34.0,,Nordrhein-Westfalen
K1634,68.0,74861.0,0.0,20.0,,Bayern
K1635,49.0,52714.0,0.0,43.0,,Baden-Württemberg
K1636,62.0,71315.0,0.0,37.0,,Sachsen
K1637,43.0,49481.0,1.0,23.0,,Baden-Württemberg
K1638,65.0,74982.0,0.0,27.0,,Hessen
K1639,46.0,49472.0,1.0,36.0,,Bayern
K1640,50.0,61481.0,1.0,44.0,,Baden-Württemberg
K1641,45.0,51504.0,1.0,50.0,,Baden-Württemberg
K1642,45.0,39956.0,1.0,34.0,,Baden-Württemberg
K1643,49.0,59389.0,0.0,21.0,,Baden-Württemberg
K1644,58.0,68691.0,1.0,37.0,,Nordrhein-Westfalen
K1645,57.0,54320.0,1.0,53.0,,Brandenburg
K1646,37.0,39528.0,1.0,19.0,,Bayern
K1647,53.0,69201.0,0.0,25.0,,Berlin
K1648,32.0,28689.0,0.0,41.0,,Sachsen
K1649,54.0,53807.0,0.0,37.0,,Sachsen
K1650,48.0,54965.0,1.0,30.0,,Niedersachsen
K1651,62.0,80099.0,1.0,37.0,,Sachsen
K1652,31.0,54067.0,0.0,45.0,,Bayern
K1653,44.0,59093.0,1.0,34.0,,Berlin
K1654,51.0,71227.0,1.0,33.0,,Hessen
K1655,39.0,50354.0,0.0,41.0,,Hessen
K1656,47.0,50533.0,1.0,32.0,,Brandenburg
K1657,51.0,67323.0,0.0,46.0,,Berlin
K1658,56.0,66602.0,1.0,55.0,,Thüringen
K1659,42.0,54182.0,1.0,26.0,,Nordrhein-Westfalen
K1660,62.0,65956.0,1.0,22.0,,Berlin
K1661,34.0,45508.0,1.0,39.0,,Nordrhein-Westfalen
K1662,55.0,65102.0,0.0,22.0,,Bayern
K1663,42.0,52868.0,0.0,22.0,,Baden-Württemberg
K1664,56.0,66607.0,1.0,15.0,,Bayern
K1665,43.0,49470.0,1.0,31.0,,Berlin
K1666,53.0,68188.0,0.0,35.0,,Baden-Württemberg
K1667,32.0,35273.0,0.0,30.0,,Nordrhein-Westfalen
K1668,59.0,56608.0,1.0,49.0,,Bayern
K1669,64.0,59962.0,1.0,48.0,,Hessen
K1670,43.0,53631.0,1.0,54.0,,Baden-Württemberg
K1671,41.0,45567.0,0.0,35.0,,Baden-Württemberg
K1672,57.0,52973.0,0.0,47.0,,Sachsen
K1673,58.0,70704.0,1.0,38.0,,Hessen
K1674,46.0,54677.0,0.0,37.0,,Thüringen
K1675,69.0,78275.0,1.0,30.0,,Thüringen
K1676,50.0,62488.0,1.0,12.0,,Berlin
K1677,52.0,74488.0,1.0,41.0,,Bayern
K1678,49.0,70658.0,0.0,47.0,,Nordrhein-Westfalen
K1679,40.0,49709.0,1.0,20.0,,Thüringen
K1680,63.0,74905.0,1.0,35.0,,Hessen
K1681,39.0,48650.0,1.0,45.0,,Nordrhein-Westfalen
K1682,39.0,50014.0,1.0,31.0,,Nordrhein-Westfalen
K1683,35.0,40070.0,1.0,47.0,,Bayern
K1684,65.0,79612.0,0.0,34.0,,Hessen
K1685,53.0,49634.0,1.0,30.0,,Nordrhein-Westfalen
K1686,41.0,50332.0,0.0,48.0,,Niedersachsen
K1687,52.0,66932.0,1.0,26.0,,Baden-Württemberg
K1688,56.0,62958.0,1.0,28.0,,Bayern
K1689,66.0,78363.0,1.0,26.0,,Baden-Württemberg
K1690,35.0,32469.0,1.0,24.0,,Bayern
K1691,30.0,25293.0,1.0,37.0,,Sachsen
K1692,35.0,44389.0,1.0,30.0,,Baden-Württemberg
K1693,51.0,54872.0,0.0,40.0,,Bayern
K1694,70.0,67948.0,0.0,18.0,,Bayern
K1695,53.0,53797.0,1.0,24.0,,Hessen
K1696,54.0,56293.0,1.0,36.0,,Hamburg
K1697,44.0,60136.0,1.0,50.0,,Bayern
K1698,55.0,67803.0,1.0,39.0,,Baden-Württemberg
K1699,37.0,37002.0,1.0,29.0,,Bayern
K1700,53.0,58521.0,0.0,20.0,,Brandenburg
K1701,67.0,92236.0,1.0,29.0,,Bayern
K1702,35.0,50926.0,1.0,35.0,,Sachsen
K1703,64.0,66776.0,1.0,11.0,,Berlin
K1704,30.0,47051.0,1.0,23.0,,Baden-Württemberg
K1705,65.0,77312.0,0.0,28.0,,Nordrhein-Westfalen
K1706,41.0,56806.0,1.0,32.0,,Bayern
K1707,67.0,78937.0,1.0,34.0,,Niedersachsen
K1708,40.0,59103.0,0.0,29.0,,Bayern
K1709,41.0,39146.0,1.0,40.0,,Hessen
K1710,68.0,79291.0,0.0,36.0,,Nordrhein-Westfalen
K1711,36.0,54639.0,0.0,31.0,,Sachsen
K1712,40.0,26847.0,1.0,41.0,,Bayern
K1713,65.0,77624.0,0.0,41.0,,Bayern
K1714,60.0,68566.0,1.0,20.0,,Berlin
K1715,62.0,80655.0,1.0,35.0,,Sachsen
K1716,42.0,60428.0,1.0,44.0,,Sachsen
K1717,47.0,63291.0,1.0,46.0,,Baden-Württemberg
K1718,70.0,86136.0,0.0,39.0,,Baden-Württemberg
K1719,53.0,64184.0,0.0,33.0,,Brandenburg
K1720,38.0,42954.0,0.0,39.0,,Baden-Württemberg
K1721,60.0,74006.0,0.0,43.0,,Bayern
K1722,70.0,97121.0,1.0,36.0,,Baden-Württemberg
K1723,39.0,39742.0,1.0,37.0,,Niedersachsen
K1724,31.0,34124.0,1.0,33.0,,Sachsen
K1725,67.0,79728.0,1.0,22.0,,Thüringen
K1726,44.0,62176.0,1.0,33.0,,Berlin
K1727,32.0,40946.0,0.0,28.0,,Hessen
K1728,60.0,80979.0,1.0,28.0,,Nordrhein-Westfalen
K1729,35.0,51810.0,1.0,49.0,,Baden-Württemberg
K1730,32.0,44270.0,1.0,45.0,,Niedersachsen
K1731,40.0,38823.0,0.0,18.0,,Berlin
K1732,44.0,68127.0,0.0,24.0,,Bayern
K1733,57.0,81290.0,0.0,31.0,,Berlin
K1734,39.0,47801.0,1.0,29.0,,Baden-Württemberg
K1735,67.0,67954.0,0.0,38.0,,Niedersachsen
K1736,36.0,29607.0,1.0,23.0,,Bayern
K1737,44.0,55446.0,0.0,45.0,,Bayern
K1738,47.0,50383.0,1.0,35.0,,Baden-Württemberg
K1739,47.0,41230.0,1.0,32.0,,Nordrhein-Westfalen
K1740,70.0,69727.0,1.0,35.0,,Brandenburg
K1741,53.0,59582.0,0.0,31.0,,Hessen
K1742,31.0,39506.0,1.0,15.0,,Hessen
K1743,69.0,95450.0,0.0,35.0,,Berlin
K1744,49.0,63443.0,1.0,32.0,,Baden-Württemberg
K1745,63.0,72231.0,1.0,25.0,,Nordrhein-Westfalen
K1746,55.0,69614.0,1.0,46.0,,Baden-Württemberg
K1747,36.0,46293.0,1.0,42.0,,Baden-Württemberg
K1748,67.0,87075.0,1.0,59.0,,Niedersachsen
K1749,59.0,70569.0,1.0,43.0,,Bayern
K1750,34.0,50644.0,0.0,29.0,,Bayern
K1751,40.0,55845.0,1.0,26.0,,Berlin
K1752,30.0,37309.0,0.0,30.0,,Berlin
K1753,63.0,74594.0,0.0,28.0,,Niedersachsen
K1754,30.0,44854.0,0.0,36.0,,Hessen
K1755,48.0,51462.0,1.0,20.0,,Niedersachsen
K1756,31.0,24168.0,1.0,41.0,,Niedersachsen
K1757,50.0,46632.0,1.0,36.0,,Bayern
K1758,49.0,51900.0,0.0,40.0,,Bayern
K1759,52.0,68580.0,0.0,24.0,,Berlin
K1760,50.0,56453.0,1.0,37.0,,Bayern
K1761,53.0,65662.0,1.0,48.0,,Thüringen
K1762,33.0,35654.0,0.0,26.0,,Nordrhein-Westfalen
K1763,41.0,45205.0,1.0,26.0,,Baden-Württemberg
K1764,51.0,52205.0,0.0,42.0,,Baden-Württemberg
K1765,49.0,58250.0,1.0,25.0,,Baden-Württemberg
K1766,47.0,55130.0,0.0,33.0,,Bayern
K1767,30.0,40283.0,1.0,50.0,,Baden-Württemberg
K1768,59.0,73522.0,1.0,26.0,,Hamburg
K1769,62.0,72707.0,0.0,50.0,,Nordrhein-Westfalen
K1770,53.0,50243.0,0.0,32.0,,Nordrhein-Westfalen
K1771,43.0,61619.0,1.0,24.0,,Bayern
K1772,65.0,77272.0,1.0,41.0,,Berlin
K1773,34.0,42021.0,0.0,36.0,,Brandenburg
K1774,40.0,62840.0,0.0,35.0,,Nordrhein-Westfalen
K1775,53.0,72005.0,0.0,27.0,,Nordrhein-Westfalen
K1776,60.0,76138.0,0.0,36.0,,Sachsen
K1777,42.0,50763.0,1.0,14.0,,Brandenburg
K1778,45.0,54234.0,1.0,37.0,,Niedersachsen
K1779,53.0,65983.0,0.0,48.0,,Baden-Württemberg
K1780,42.0,54451.0,0.0,17.0,,Hessen
K1781,53.0,79245.0,1.0,31.0,,Bayern
K1782,55.0,88483.0,1.0,26.0,,Berlin
K1783,31.0,40365.0,0.0,20.0,,Niedersachsen
K1784,45.0,34929.0,1.0,14.0,,Bayern
K1785,67.0,71830.0,1.0,23.0,,Baden-Württemberg
K1786,30.0,52892.0,1.0,33.0,,Baden-Württemberg
K1787,40.0,54891.0,0.0,46.0,,Baden-Württemberg
K1788,64.0,80694.0,0.0,20.0,,Baden-Württemberg
K1789,58.0,68240.0,1.0,38.0,,Baden-Württemberg
K1790,66.0,68506.0,0.0,37.0,,Bayern
K1791,46.0,70647.0,0.0,52.0,,Bayern
K1792,68.0,74173.0,1.0,41.0,,Thüringen
K1793,57.0,75133.0,0.0,41.0,,Bayern
K1794,58.0,58019.0,1.0,42.0,,Baden-Württemberg
K1795,32.0,36992.0,1.0,26.0,,Hamburg
K1796,39.0,56179.0,1.0,29.0,,Nordrhein-Westfalen
K1797,43.0,49718.0,1.0,46.0,,Niedersachsen
K1798,41.0,46277.0,1.0,14.0,,Bayern
K1799,59.0,71025.0,0.0,28.0,,Hessen
K1800,61.0,61256.0,0.0,22.0,,Niedersachsen
K1801,61.0,59560.0,0.0,37.0,,Nordrhein-Westfalen
K1802,61.0,79737.0,1.0,31.0,,Niedersachsen
K1803,55.0,62383.0,1.0,41.0,,Nordrhein-Westfalen
K1804,30.0,42932.0,1.0,34.0,,Nordrhein-Westfalen
K1805,31.0,47828.0,1.0,20.0,,Hessen
K1806,46.0,66328.0,1.0,20.0,,Berlin
K1807,59.0,56317.0,0.0,35.0,,Niedersachsen
K1808,68.0,75304.0,0.0,27.0,,Nordrhein-Westfalen
K1809,36.0,48519.0,1.0,30.0,,Baden-Württemberg
K1810,56.0,72358.0,1.0,44.0,,Thüringen
K1811,38.0,66320.0,0.0,43.0,,Baden-Württemberg
K1812,51.0,53267.0,1.0,53.0,,Berlin
K1813,63.0,86199.0,0.0,32.0,,Nordrhein-Westfalen
K1814,30.0,39919.0,0.0,29.0,,Bayern
K1815,38.0,31258.0,0.0,39.0,,Berlin
K1816,49.0,54141.0,1.0,29.0,,Baden-Württemberg
K1817,48.0,60260.0,0.0,30.0,,Berlin
K1818,65.0,62676.0,1.0,33.0,,Baden-Württemberg
K1819,69.0,64085.0,0.0,52.0,,Bayern
K1820,33.0,24243.0,1.0,42.0,,Berlin
K1821,38.0,48379.0,1.0,43.0,,Thüringen
K1822,70.0,79595.0,1.0,51.0,,Thüringen
K1823,51.0,55860.0,1.0,44.0,,Baden-Württemberg
K1824,47.0,51430.0,0.0,24.0,,Nordrhein-Westfalen
K1825,41.0,36761.0,0.0,44.0,,Baden-Württemberg
K1826,68.0,77480.0,0.0,45.0,,Baden-Württemberg
K1827,38.0,29634.0,1.0,42.0,,Baden-Württemberg
K1828,35.0,53194.0,0.0,33.0,,Thüringen
K1829,48.0,73148.0,1.0,40.0,,Sachsen
K1830,36.0,22706.0,0.0,35.0,,Baden-Württemberg
K1831,45.0,50110.0,0.0,25.0,,Baden-Württemberg
K1832,34.0,37662.0,1.0,28.0,,Bayern
K1833,45.0,52766.0,0.0,42.0,,Hamburg
K1834,30.0,45591.0,1.0,26.0,,Hessen
K1835,66.0,75021.0,1.0,27.0,,Bayern
K1836,68.0,80798.0,1.0,43.0,,Nordrhein-Westfalen
K1837,48.0,84747.0,1.0,36.0,,Bayern
K1838,66.0,78221.0,0.0,41.0,,Sachsen
K1839,46.0,71444.0,1.0,23.0,,Niedersachsen
K1840,55.0,70714.0,1.0,40.0,,Berlin
K1841,51.0,56457.0,0.0,28.0,,Nordrhein-Westfalen
K1842,37.0,38362.0,0.0,25.0,,Nordrhein-Westfalen
K1843,62.0,74418.0,0.0,30.0,,Bayern
K1844,31.0,27594.0,0.0,49.0,,Bayern
K1845,59.0,63142.0,0.0,31.0,,Sachsen
K1846,49.0,55265.0,1.0,57.0,,Baden-Württemberg
K1847,47.0,59353.0,1.0,14.0,,Baden-Württemberg
K1848,39.0,63688.0,1.0,20.0,,Berlin
K1849,53.0,59447.0,1.0,48.0,,Nordrhein-Westfalen
K1850,33.0,44279.0,0.0,51.0,,Nordrhein-Westfalen
K1851,66.0,64550.0,1.0,26.0,,Sachsen
K1852,33.0,49676.0,0.0,36.0,,Hamburg
K1853,42.0,35264.0,1.0,42.0,,Baden-Württemberg
K1854,54.0,72200.0,1.0,33.0,,Hessen
K1855,42.0,50054.0,1.0,36.0,,Nordrhein-Westfalen
K1856,47.0,55621.0,0.0,35.0,,Baden-Württemberg
K1857,53.0,61112.0,0.0,20.0,,Baden-Württemberg
K1858,31.0,26019.0,0.0,32.0,,Baden-Württemberg
K1859,62.0,63232.0,1.0,35.0,,Hessen
K1860,48.0,65434.0,0.0,36.0,,Sachsen
K1861,38.0,46151.0,1.0,18.0,,Niedersachsen
K1862,57.0,65786.0,1.0,43.0,,Thüringen
K1863,64.0,80851.0,0.0,36.0,,Baden-Württemberg
K1864,68.0,82507.0,1.0,24.0,,Sachsen
K1865,39.0,40081.0,0.0,53.0,,Nordrhein-Westfalen
K1866,30.0,58747.0,1.0,32.0,,Bayern
K1867,50.0,66941.0,0.0,32.0,,Thüringen
K1868,38.0,47189.0,0.0,41.0,,Bayern
K1869,44.0,48524.0,1.0,54.0,,Sachsen
K1870,64.0,85442.0,0.0,42.0,,Sachsen
K1871,34.0,34204.0,1.0,43.0,,Nordrhein-Westfalen
K1872,70.0,76106.0,0.0,25.0,,Hessen
K1873,51.0,76712.0,1.0,36.0,,Baden-Württemberg
K1874,70.0,84240.0,1.0,30.0,,Hamburg
K1875,52.0,55753.0,1.0,42.0,,Bayern
K1876,36.0,43725.0,1.0,43.0,,Nordrhein-Westfalen
K1877,52.0,70297.0,0.0,51.0,,Nordrhein-Westfalen
K1878,54.0,70604.0,1.0,13.0,,Sachsen
K1879,56.0,76156.0,1.0,29.0,,Baden-Württemberg
K1880,70.0,72700.0,1.0,48.0,,Nordrhein-Westfalen
K1881,35.0,51044.0,1.0,21.0,,Sachsen
K1882,63.0,74055.0,0.0,43.0,,Nordrhein-Westfalen
K1883,38.0,46847.0,0.0,46.0,,Baden-Württemberg
K1884,62.0,85386.0,1.0,35.0,,Baden-Württemberg
K1885,35.0,48823.0,0.0,21.0,,Baden-Württemberg
K1886,66.0,82388.0,0.0,34.0,,Hessen
K1887,60.0,54230.0,1.0,50.0,,Hessen
K1888,63.0,75259.0,0.0,50.0,,Thüringen
K1889,70.0,76891.0,1.0,37.0,,Berlin
K1890,58.0,76153.0,0.0,25.0,,Bayern
K1891,43.0,60901.0,0.0,52.0,,Hessen
K1892,65.0,75316.0,1.0,43.0,,Nordrhein-Westfalen
K1893,65.0,72026.0,0.0,26.0,,Sachsen
K1894,44.0,67182.0,0.0,38.0,,Nordrhein-Westfalen
K1895,37.0,39422.0,1.0,38.0,,Berlin
K1896,55.0,55421.0,0.0,29.0,,Niedersachsen
K1897,65.0,70533.0,1.0,38.0,,Nordrhein-Westfalen
K1898,50.0,55261.0,0.0,46.0,,Brandenburg
K1899,57.0,60794.0,0.0,32.0,,Bayern
K1900,33.0,47739.0,1.0,47.0,,Baden-Württemberg
K1901,45.0,34527.0,1.0,17.0,,Baden-Württemberg
K1902,51.0,53493.0,0.0,57.0,,Niedersachsen
K1903,41.0,49170.0,1.0,36.0,,Baden-Württemberg
K1904,45.0,56234.0,1.0,46.0,,Bayern
K1905,69.0,98029.0,1.0,37.0,,Bayern
K1906,67.0,94338.0,1.0,27.0,,Hessen
K1907,66.0,64795.0,1.0,35.0,,Berlin
K1908,58.0,52545.0,1.0,16.0,,Niedersachsen
K1909,47.0,56934.0,1.0,42.0,,Baden-Württemberg
K1910,39.0,41160.0,0.0,37.0,,Baden-Württemberg
K1911,68.0,70849.0,1.0,33.0,,Brandenburg
K1912,47.0,56854.0,1.0,43.0,,Bayern
K1913,30.0,38643.0,1.0,35.0,,Bayern
K1914,68.0,74031.0,0.0,41.0,,Baden-Württemberg
K1915,50.0,54638.0,1.0,45.0,,Sachsen
K1916,30.0,29694.0,1.0,30.0,,Niedersachsen
K1917,44.0,49444.0,1.0,27.0,,Baden-Württemberg
K1918,33.0,44999.0,0.0,18.0,,Baden-Württemberg
K1919,49.0,49362.0,0.0,36.0,,Thüringen
K1920,39.0,41453.0,0.0,40.0,,Niedersachsen
K1921,52.0,59035.0,0.0,22.0,,Berlin
K1922,70.0,83903.0,0.0,49.0,,Niedersachsen
K1923,63.0,78156.0,1.0,27.0,,Nordrhein-Westfalen
K1924,62.0,92893.0,0.0,14.0,,Nordrhein-Westfalen
K1925,63.0,80826.0,1.0,50.0,,Berlin
K1926,68.0,86966.0,0.0,15.0,,Berlin
K1927,39.0,44825.0,0.0,45.0,,Baden-Württemberg
K1928,49.0,50246.0,1.0,42.0,,Sachsen
K1929,30.0,31802.0,1.0,38.0,,Hessen
K1930,42.0,44381.0,1.0,30.0,,Bayern
K1931,30.0,40099.0,0.0,40.0,,Sachsen
K1932,34.0,26419.0,0.0,45.0,,Sachsen
K1933,45.0,59680.0,0.0,25.0,,Thüringen
K1934,44.0,52097.0,1.0,45.0,,Nordrhein-Westfalen
K1935,57.0,75169.0,0.0,44.0,,Thüringen
K1936,60.0,65588.0,0.0,38.0,,Bayern
K1937,52.0,54509.0,0.0,30.0,,Nordrhein-Westfalen
K1938,46.0,51858.0,1.0,44.0,,Nordrhein-Westfalen
K1939,63.0,71787.0,1.0,40.0,,Bayern
K1940,42.0,58052.0,0.0,25.0,,Baden-Württemberg
K1941,43.0,59151.0,0.0,31.0,,Thüringen
K1942,40.0,65585.0,0.0,43.0,,Bayern
K1943,57.0,64092.0,1.0,36.0,,Nordrhein-Westfalen
K1944,61.0,43124.0,1.0,46.0,,Baden-Württemberg
K1945,64.0,73163.0,0.0,32.0,,Baden-Württemberg
K1946,60.0,74193.0,1.0,25.0,,Berlin
K1947,46.0,61964.0,0.0,57.0,,Bayern
K1948,38.0,48780.0,1.0,18.0,,Niedersachsen
K1949,39.0,42755.0,1.0,30.0,,Hessen
K1950,37.0,60310.0,0.0,38.0,,Baden-Württemberg
K1951,50.0,50946.0,0.0,45.0,,Baden-Württemberg
K1952,42.0,48308.0,1.0,41.0,,Berlin
K1953,34.0,31569.0,1.0,58.0,,Baden-Württemberg
K1954,35.0,42665.0,0.0,34.0,,Nordrhein-Westfalen
K1955,59.0,85252.0,1.0,26.0,,Berlin
K1956,60.0,70843.0,0.0,33.0,,Baden-Württemberg
K1957,46.0,54308.0,1.0,32.0,,Brandenburg
K1958,40.0,33126.0,0.0,34.0,,Baden-Württemberg
K1959,49.0,56492.0,0.0,25.0,,Baden-Württemberg
K1960,38.0,56414.0,0.0,43.0,,Bayern
K1961,31.0,35493.0,1.0,39.0,,Nordrhein-Westfalen
K1962,66.0,76359.0,0.0,22.0,,Sachsen
K1963,30.0,46530.0,1.0,45.0,,Nordrhein-Westfalen
K1964,33.0,37292.0,1.0,27.0,,Bayern
K1965,65.0,89685.0,0.0,23.0,,Bayern
K1966,54.0,53424.0,0.0,36.0,,Hamburg
K1967,32.0,45044.0,0.0,17.0,,Nordrhein-Westfalen
K1968,38.0,60884.0,1.0,41.0,,Thüringen
K1969,51.0,70533.0,1.0,7.0,,Baden-Württemberg
K1970,52.0,45802.0,1.0,25.0,,Baden-Württemberg
K1971,41.0,43845.0,0.0,51.0,,Niedersachsen
K1972,39.0,45048.0,0.0,28.0,,Nordrhein-Westfalen
K1973,63.0,84772.0,1.0,30.0,,Nordrhein-Westfalen
K1974,39.0,35225.0,0.0,48.0,,Niedersachsen
K1975,59.0,61744.0,1.0,27.0,,Thüringen
K1976,51.0,46980.0,1.0,43.0,,Hamburg
K1977,35.0,35045.0,1.0,47.0,,Sachsen
K1978,31.0,26466.0,1.0,40.0,,Thüringen
K1979,59.0,85332.0,1.0,21.0,,Nordrhein-Westfalen
K1980,31.0,31913.0,0.0,29.0,,Bayern
K1981,61.0,79527.0,1.0,62.0,,Baden-Württemberg
K1982,45.0,54501.0,0.0,30.0,,Hamburg
K1983,41.0,49634.0,1.0,65.0,,Berlin
K1984,30.0,31232.0,0.0,52.0,,Nordrhein-Westfalen
K1985,37.0,51799.0,0.0,40.0,,Baden-Württemberg
K1986,42.0,52175.0,0.0,38.0,,Bayern
K1987,44.0,54026.0,1.0,30.0,,Nordrhein-Westfalen
K1988,37.0,39509.0,0.0,34.0,,Baden-Württemberg
K1989,39.0,43355.0,0.0,28.0,,Bayern
K1990,34.0,46612.0,1.0,34.0,,Berlin
K1991,48.0,59967.0,1.0,21.0,,Hessen
K1992,67.0,81522.0,1.0,21.0,,Baden-Württemberg
K1993,40.0,41617.0,0.0,48.0,,Nordrhein-Westfalen
K1994,49.0,76603.0,1.0,19.0,,Berlin
K1995,49.0,54755.0,1.0,44.0,,Berlin
