Alter,Einkommen,Geschlecht,Zeit,Preis,Niederlassung
68.0,89437.0,1.0,62.0,114481.9,Sachsen
58.0,65271.0,1.0,44.0,106258.99,Nordrhein-Westfalen
44.0,48195.0,1.0,29.0,85705.57,Hessen
37.0,48957.0,0.0,36.0,76412.36,Bayern
50.0,56621.0,0.0,40.0,92898.67,Bayern
68.0,93315.0,1.0,69.0,141822.38,Baden-Württemberg
48.0,44481.0,1.0,30.0,63604.43,Nordrhein-Westfalen
52.0,60315.0,1.0,40.0,106359.99,Berlin
40.0,50085.0,0.0,42.0,68956.52,Bayern
40.0,43750.0,1.0,28.0,67687.0,Berlin
53.0,30821.0,1.0,26.0,58450.55,Nordrhein-Westfalen
65.0,73235.0,0.0,40.0,115599.05,Baden-Württemberg
69.0,89082.0,1.0,66.0,124730.66,Nordrhein-Westfalen
53.0,70398.0,0.0,48.0,102062.3,Sachsen
32.0,43022.0,1.0,36.0,50811.55,Sachsen
51.0,47883.0,1.0,45.0,90273.18,Berlin
31.0,42377.0,1.0,31.0,69094.76,Bayern
53.0,55741.0,0.0,41.0,83296.61,Berlin
59.0,72303.0,0.0,44.0,101687.09,Bayern
67.0,78468.0,0.0,47.0,123598.99,Baden-Württemberg
31.0,27501.0,1.0,22.0,39695.86,Hessen
50.0,49026.0,0.0,36.0,79076.93,Berlin
62.0,75575.0,1.0,50.0,124516.56,Nordrhein-Westfalen
41.0,46542.0,,40.0,63477.0,Baden-Württemberg
51.0,50677.0,0.0,34.0,83785.2,Niedersachsen
54.0,53037.0,1.0,44.0,88479.15,Nordrhein-Westfalen
56.0,61920.0,1.0,49.0,94455.39,Nordrhein-Westfalen
57.0,83306.0,1.0,53.0,112854.14,Sachsen
45.0,47574.0,1.0,33.0,87328.47,Nordrhein-Westfalen
44.0,52043.0,1.0,42.0,72895.13,Sachsen
32.0,40277.0,1.0,34.0,42093.26,Bayern
66.0,63799.0,1.0,48.0,109159.01,Brandenburg
36.0,24397.0,0.0,38.0,32833.88,Baden-Württemberg
50.0,47571.0,0.0,39.0,83365.24,Baden-Württemberg
38.0,48364.0,1.0,35.0,85707.42,Bayern
68.0,79182.0,1.0,48.0,125939.52,Baden-Württemberg
47.0,63067.0,1.0,41.0,102867.75,Bayern
33.0,41309.0,1.0,25.0,82824.09,Baden-Württemberg
43.0,44559.0,1.0,22.0,74144.49,Sachsen
38.0,55278.0,1.0,46.0,95883.59,Baden-Württemberg
55.0,54161.0,1.0,36.0,104859.86,Nordrhein-Westfalen
31.0,26047.0,1.0,24.0,63491.25,Baden-Württemberg
49.0,63769.0,1.0,41.0,88665.28,Sachsen
57.0,51842.0,0.0,51.0,70527.14,Sachsen
36.0,69703.0,0.0,50.0,86119.52,Niedersachsen
37.0,45467.0,1.0,43.0,75752.08,Niedersachsen
64.0,77668.0,0.0,63.0,116246.65,Baden-Württemberg
43.0,42342.0,1.0,37.0,66374.97,Thüringen
46.0,50946.0,0.0,32.0,83406.88,Nordrhein-Westfalen
65.0,70352.0,0.0,49.0,92584.18,Sachsen
69.0,73444.0,1.0,47.0,115561.62,Niedersachsen
33.0,47124.0,1.0,35.0,79603.78,Bayern
31.0,33214.0,1.0,31.0,58416.51,Sachsen
35.0,53464.0,1.0,41.0,82821.95,Bayern
33.0,69142.0,1.0,52.0,107174.44,Hessen
58.0,64180.0,1.0,51.0,98148.01,Baden-Württemberg
47.0,57101.0,1.0,43.0,79106.97,Sachsen
55.0,68245.0,0.0,52.0,112358.24,Baden-Württemberg
63.0,92456.0,0.0,57.0,141292.39,Bayern
39.0,45873.0,1.0,47.0,75731.69,Hessen
65.0,65989.0,1.0,44.0,102710.38,Nordrhein-Westfalen
43.0,37376.0,1.0,42.0,63383.29,Hessen
60.0,68926.0,1.0,39.0,91715.99,Bayern
44.0,47332.0,0.0,36.0,84281.71,Baden-Württemberg
37.0,66398.0,1.0,46.0,101131.52,Nordrhein-Westfalen
43.0,70304.0,1.0,52.0,83886.2,Thüringen
52.0,49657.0,1.0,46.0,89589.3,Nordrhein-Westfalen
69.0,71612.0,1.0,42.0,116360.51,Berlin
50.0,59505.0,0.0,37.0,78150.23,Sachsen
45.0,68432.0,0.0,39.0,82849.76,Berlin
47.0,56068.0,1.0,52.0,88529.55,Hamburg
53.0,54940.0,1.0,45.0,82628.47,Berlin
55.0,63491.0,1.0,39.0,115135.5,Berlin
54.0,56229.0,0.0,40.0,97038.57,Nordrhein-Westfalen
70.0,86939.0,0.0,67.0,132147.29,Hamburg
58.0,59695.0,1.0,43.0,99547.37,Bayern
44.0,46659.0,1.0,36.0,87048.58,Bayern
30.0,49606.0,0.0,34.0,76579.11,Baden-Württemberg
54.0,54712.0,1.0,35.0,92084.38,Hessen
36.0,27831.0,0.0,37.0,38628.85,Bayern
38.0,46715.0,1.0,50.0,101650.7,Baden-Württemberg
53.0,58050.0,1.0,37.0,78625.3,Niedersachsen
30.0,42551.0,1.0,46.0,58706.65,Niedersachsen
37.0,48042.0,1.0,36.0,54313.59,Nordrhein-Westfalen
53.0,61613.0,1.0,50.0,99068.03,Brandenburg
40.0,47192.0,0.0,48.0,72220.0,Sachsen
46.0,46384.0,1.0,37.0,82034.0,Sachsen
37.0,45503.0,1.0,35.0,50836.91,Nordrhein-Westfalen
64.0,83452.0,,62.0,133180.7,Niedersachsen
64.0,63338.0,1.0,39.0,92846.99,Bayern
62.0,71666.0,1.0,59.0,107104.52,Thüringen
34.0,52606.0,1.0,42.0,83864.29,Bayern
68.0,83716.0,0.0,53.0,125611.48,Bayern
70.0,94606.0,1.0,58.0,139830.32,Berlin
57.0,60138.0,1.0,35.0,102300.93,Baden-Württemberg
36.0,23660.0,1.0,23.0,49960.18,Thüringen
38.0,47861.0,0.0,37.0,66834.88,Hessen
37.0,48532.0,0.0,32.0,68786.85,Hessen
41.0,63780.0,0.0,47.0,90449.48,Niedersachsen
63.0,85695.0,1.0,61.0,114451.46,Brandenburg
62.0,77546.0,1.0,52.0,124857.23,Baden-Württemberg
52.0,69175.0,1.0,54.0,103778.57,Hessen
53.0,59879.0,1.0,39.0,92542.02,Niedersachsen
66.0,62843.0,1.0,53.0,113812.63,Berlin
64.0,75171.0,1.0,53.0,112055.97,Nordrhein-Westfalen
69.0,89976.0,1.0,71.0,129284.1,Bayern
51.0,66908.0,1.0,65.0,93021.39,Bayern
56.0,74257.0,0.0,49.0,110427.22,Baden-Württemberg
64.0,69256.0,1.0,47.0,110341.3,Berlin
30.0,34125.0,1.0,30.0,46414.4,Nordrhein-Westfalen
64.0,79138.0,0.0,59.0,114319.8,Nordrhein-Westfalen
66.0,70138.0,1.0,59.0,102407.29,Berlin
43.0,45517.0,0.0,33.0,63320.19,Hessen
32.0,42406.0,1.0,39.0,45125.2,Nordrhein-Westfalen
30.0,45256.0,1.0,37.0,62326.68,Bayern
34.0,39181.0,0.0,39.0,41898.43,Baden-Württemberg
55.0,51515.0,0.0,51.0,78247.78,Thüringen
43.0,43130.0,0.0,35.0,61803.14,Hessen
68.0,80444.0,1.0,44.0,131551.59,Thüringen
56.0,67292.0,1.0,54.0,90615.29,Bayern
38.0,48301.0,1.0,33.0,64230.98,Niedersachsen
44.0,57848.0,1.0,43.0,81081.18,Bayern
44.0,52258.0,0.0,47.0,72060.58,Bayern
55.0,67004.0,1.0,51.0,114150.05,Hamburg
42.0,49536.0,0.0,39.0,62506.44,Bayern
61.0,83098.0,1.0,53.0,116002.86,Baden-Württemberg
68.0,93769.0,1.0,42.0,137923.28,Bayern
61.0,57745.0,1.0,49.0,102766.17,Baden-Württemberg
33.0,37491.0,0.0,32.0,53138.58,Niedersachsen
59.0,68825.0,0.0,60.0,83303.72,Brandenburg
66.0,73170.0,0.0,54.0,109500.77,Baden-Württemberg
52.0,80319.0,0.0,51.0,124885.27,Baden-Württemberg
68.0,80664.0,0.0,63.0,122681.63,Baden-Württemberg
44.0,43460.0,0.0,45.0,71339.81,Hessen
58.0,73853.0,1.0,50.0,97928.13,Baden-Württemberg
65.0,77918.0,1.0,62.0,104728.1,Nordrhein-Westfalen
42.0,53324.0,1.0,38.0,79456.84,Baden-Württemberg
61.0,90246.0,0.0,61.0,111436.45,Bayern
36.0,47319.0,0.0,43.0,76696.47,Sachsen
51.0,56496.0,1.0,49.0,78599.02,Niedersachsen
57.0,45095.0,0.0,42.0,77157.15,Baden-Württemberg
31.0,36296.0,0.0,31.0,35482.61,Nordrhein-Westfalen
35.0,56593.0,1.0,51.0,74955.3,Brandenburg
57.0,65311.0,1.0,47.0,87351.94,Nordrhein-Westfalen
57.0,42006.0,0.0,32.0,50508.57,Hessen
49.0,52215.0,1.0,37.0,87326.82,Niedersachsen
59.0,79235.0,0.0,68.0,130383.85,Thüringen
40.0,53774.0,1.0,37.0,90227.44,Bayern
57.0,57191.0,0.0,53.0,96831.38,Hessen
54.0,56914.0,0.0,36.0,83783.08,Berlin
68.0,73781.0,0.0,55.0,120941.76,Baden-Württemberg
62.0,64538.0,1.0,49.0,113786.43,Baden-Württemberg
30.0,14993.0,0.0,34.0,33678.17,Baden-Württemberg
56.0,73496.0,0.0,47.0,94040.73,Niedersachsen
42.0,63657.0,1.0,40.0,84814.32,Hessen
70.0,63937.0,0.0,46.0,121009.5,Hessen
32.0,52664.0,1.0,53.0,72598.33,Baden-Württemberg
68.0,77118.0,1.0,47.0,83418.33,Berlin
35.0,55716.0,1.0,25.0,63069.62,Sachsen
37.0,45011.0,1.0,38.0,63758.96,Berlin
56.0,66685.0,1.0,55.0,110938.59,Hessen
38.0,49724.0,0.0,33.0,69448.24,Nordrhein-Westfalen
66.0,67497.0,1.0,55.0,117195.91,Nordrhein-Westfalen
62.0,84681.0,0.0,50.0,115423.31,Hamburg
53.0,49798.0,,39.0,61329.51,Nordrhein-Westfalen
44.0,47834.0,1.0,44.0,69642.73,Berlin
61.0,76325.0,1.0,45.0,116425.9,Sachsen
61.0,65117.0,0.0,49.0,102799.87,Bayern
53.0,70392.0,1.0,59.0,89785.65,Bayern
70.0,95326.0,1.0,66.0,133593.66,Baden-Württemberg
41.0,59921.0,0.0,40.0,111734.31,Nordrhein-Westfalen
68.0,57238.0,1.0,54.0,84306.46,Berlin
31.0,39454.0,1.0,39.0,65981.74,Bayern
32.0,50330.0,1.0,27.0,49540.28,Bayern
66.0,61785.0,0.0,52.0,108131.17,Sachsen
46.0,62212.0,1.0,42.0,81404.44,Nordrhein-Westfalen
31.0,45328.0,0.0,39.0,68156.01,Hessen
31.0,24944.0,1.0,35.0,31094.22,Hessen
57.0,75347.0,0.0,49.0,111539.65,Berlin
52.0,63832.0,0.0,35.0,84810.82,Berlin
66.0,83118.0,0.0,67.0,113976.31,Sachsen
61.0,60160.0,1.0,53.0,100767.22,Baden-Württemberg
62.0,73353.0,0.0,51.0,104733.83,Berlin
30.0,18515.0,1.0,30.0,41027.79,Bayern
48.0,31841.0,1.0,28.0,58334.15,Brandenburg
31.0,39617.0,1.0,35.0,60089.79,Berlin
55.0,76066.0,0.0,52.0,112809.53,Hamburg
61.0,73383.0,0.0,49.0,105062.59,Baden-Württemberg
35.0,41741.0,0.0,38.0,52271.78,Hamburg
61.0,68606.0,1.0,41.0,99514.15,Bayern
33.0,30037.0,1.0,28.0,62787.47,Baden-Württemberg
40.0,45448.0,0.0,40.0,70066.79,Baden-Württemberg
46.0,58938.0,1.0,57.0,78516.69,Nordrhein-Westfalen
67.0,72430.0,1.0,43.0,116130.92,Berlin
53.0,70100.0,1.0,54.0,107089.66,Hessen
34.0,43470.0,1.0,41.0,70250.0,Nordrhein-Westfalen
63.0,76247.0,1.0,40.0,103879.52,Niedersachsen
35.0,52067.0,1.0,44.0,67345.58,Berlin
51.0,54077.0,1.0,48.0,77842.13,Berlin
40.0,55005.0,1.0,47.0,76273.78,Berlin
45.0,49088.0,0.0,39.0,80749.79,Niedersachsen
62.0,75407.0,1.0,55.0,115505.36,Brandenburg
38.0,38681.0,1.0,36.0,65930.74,Nordrhein-Westfalen
35.0,32553.0,0.0,19.0,66814.09,Nordrhein-Westfalen
45.0,54276.0,1.0,43.0,88859.4,Baden-Württemberg
58.0,46940.0,0.0,36.0,78383.96,Baden-Württemberg
32.0,35961.0,0.0,28.0,42830.37,Niedersachsen
49.0,40198.0,1.0,52.0,62115.3,Bayern
65.0,83431.0,1.0,65.0,119640.51,Baden-Württemberg
48.0,67923.0,0.0,41.0,104683.62,Sachsen
55.0,54760.0,0.0,45.0,86038.6,Bayern
32.0,43819.0,1.0,47.0,57548.45,Sachsen
48.0,66286.0,1.0,38.0,88275.44,Niedersachsen
49.0,67407.0,1.0,49.0,96728.92,Nordrhein-Westfalen
61.0,72965.0,0.0,52.0,117298.71,Bayern
36.0,51478.0,1.0,32.0,90484.89,Bayern
70.0,73363.0,0.0,54.0,111223.31,Hamburg
62.0,72626.0,1.0,59.0,109158.35,Baden-Württemberg
69.0,74254.0,1.0,63.0,102553.46,Bayern
68.0,70277.0,1.0,48.0,130143.33,Bayern
47.0,55841.0,1.0,60.0,70169.26,Baden-Württemberg
69.0,83089.0,1.0,42.0,136022.46,Bayern
30.0,49623.0,1.0,42.0,65451.53,Nordrhein-Westfalen
40.0,50730.0,1.0,30.0,69432.02,Baden-Württemberg
57.0,73261.0,0.0,52.0,95081.32,Baden-Württemberg
54.0,70130.0,1.0,46.0,127478.45,Hessen
52.0,90021.0,1.0,64.0,124563.89,Thüringen
60.0,49925.0,0.0,39.0,84170.57,Bayern
59.0,61009.0,0.0,40.0,103904.6,Baden-Württemberg
64.0,89881.0,0.0,55.0,120551.98,Hessen
36.0,39697.0,0.0,48.0,60883.05,Sachsen
45.0,62886.0,1.0,50.0,91266.15,Nordrhein-Westfalen
55.0,66624.0,1.0,36.0,94540.15,Hessen
31.0,60920.0,0.0,49.0,92362.74,Bayern
30.0,24933.0,0.0,26.0,40285.18,Hamburg
41.0,62190.0,1.0,46.0,72016.19,Baden-Württemberg
34.0,60319.0,0.0,51.0,77978.88,Niedersachsen
66.0,65063.0,1.0,56.0,106463.24,Nordrhein-Westfalen
61.0,79130.0,1.0,49.0,106664.4,Thüringen
38.0,35214.0,1.0,32.0,50205.8,Bayern
70.0,80732.0,1.0,52.0,116569.27,Baden-Württemberg
64.0,71112.0,1.0,55.0,121577.09,Hamburg
48.0,30477.0,1.0,29.0,53902.36,Niedersachsen
45.0,57880.0,0.0,44.0,98898.93,Nordrhein-Westfalen
32.0,40729.0,1.0,33.0,54787.08,Baden-Württemberg
49.0,73660.0,1.0,51.0,107200.27,Bayern
53.0,68587.0,0.0,61.0,94955.06,Hamburg
62.0,96569.0,0.0,80.0,140745.65,Bayern
53.0,63121.0,0.0,49.0,82460.27,Nordrhein-Westfalen
40.0,46710.0,0.0,38.0,77768.25,Berlin
37.0,42600.0,0.0,25.0,65540.55,Nordrhein-Westfalen
65.0,70212.0,1.0,45.0,102160.74,Hessen
67.0,53207.0,1.0,41.0,90531.33,Nordrhein-Westfalen
69.0,76932.0,1.0,48.0,133380.54,Bayern
49.0,35194.0,1.0,28.0,65668.36,Nordrhein-Westfalen
64.0,78797.0,1.0,65.0,109839.35,Bayern
54.0,49596.0,0.0,40.0,68169.84,Hamburg
64.0,64196.0,1.0,48.0,107141.39,Bayern
54.0,55785.0,1.0,38.0,90085.01,Berlin
58.0,65162.0,1.0,56.0,106934.76,Bayern
47.0,55524.0,0.0,41.0,67983.37,Bayern
47.0,67211.0,1.0,45.0,84216.96,Thüringen
31.0,31826.0,0.0,20.0,61856.99,Baden-Württemberg
64.0,79102.0,1.0,54.0,120716.52,Nordrhein-Westfalen
45.0,82896.0,1.0,53.0,116749.66,Thüringen
70.0,84497.0,1.0,69.0,116193.41,Baden-Württemberg
65.0,73022.0,0.0,64.0,100337.77,Niedersachsen
62.0,63275.0,1.0,38.0,110109.58,Bayern
33.0,38152.0,0.0,26.0,68310.6,Baden-Württemberg
62.0,62114.0,1.0,44.0,87670.86,Berlin
43.0,54023.0,1.0,36.0,67446.84,Sachsen
50.0,59828.0,0.0,46.0,87813.11,Baden-Württemberg
49.0,34170.0,0.0,30.0,53806.21,Hessen
37.0,44398.0,0.0,39.0,57851.21,Brandenburg
36.0,55185.0,0.0,50.0,64034.01,Nordrhein-Westfalen
32.0,34846.0,0.0,25.0,48990.25,Baden-Württemberg
46.0,47284.0,0.0,46.0,62114.5,Niedersachsen
62.0,56784.0,0.0,38.0,80874.62,Niedersachsen
41.0,28790.0,0.0,44.0,55293.51,Niedersachsen
51.0,68806.0,0.0,61.0,98128.97,Sachsen
51.0,57821.0,1.0,43.0,93565.3,Nordrhein-Westfalen
59.0,76842.0,0.0,47.0,94309.74,Baden-Württemberg
67.0,93757.0,1.0,54.0,134096.72,Berlin
67.0,87141.0,0.0,65.0,147149.94,Berlin
37.0,38717.0,0.0,34.0,56575.12,Bayern
56.0,66786.0,1.0,55.0,108886.48,Berlin
56.0,58547.0,0.0,60.0,99077.0,Berlin
63.0,65128.0,1.0,42.0,111253.56,Berlin
50.0,62422.0,1.0,38.0,94530.65,Thüringen
59.0,59443.0,0.0,46.0,99016.21,Baden-Württemberg
62.0,47766.0,1.0,47.0,91150.03,Sachsen
57.0,56668.0,0.0,37.0,95820.3,Brandenburg
62.0,68397.0,0.0,49.0,92611.11,Hessen
34.0,57844.0,1.0,54.0,62302.49,Nordrhein-Westfalen
48.0,51210.0,1.0,29.0,64363.81,Bayern
33.0,45811.0,1.0,40.0,64066.66,Berlin
64.0,72069.0,1.0,47.0,116154.84,Berlin
46.0,67665.0,0.0,50.0,83620.57,Berlin
57.0,78848.0,1.0,59.0,122846.97,Sachsen
59.0,81225.0,1.0,57.0,111772.36,Nordrhein-Westfalen
58.0,48580.0,1.0,32.0,77722.17,Baden-Württemberg
35.0,44671.0,1.0,34.0,58157.49,Baden-Württemberg
64.0,82125.0,0.0,66.0,99958.46,Berlin
70.0,84543.0,1.0,60.0,128417.08,Baden-Württemberg
66.0,82969.0,0.0,62.0,138621.96,Hessen
53.0,62592.0,1.0,48.0,93932.46,Baden-Württemberg
58.0,59308.0,0.0,50.0,73667.3,Hamburg
60.0,51150.0,1.0,38.0,94420.15,Baden-Württemberg
64.0,66894.0,1.0,43.0,88160.31,Bayern
62.0,100769.0,0.0,71.0,125018.41,Niedersachsen
50.0,53438.0,1.0,50.0,81140.06,Brandenburg
61.0,49390.0,0.0,33.0,85180.08,Thüringen
52.0,68820.0,0.0,45.0,88926.82,Nordrhein-Westfalen
62.0,81002.0,1.0,54.0,115409.9,Bayern
32.0,53135.0,1.0,53.0,81152.36,Baden-Württemberg
47.0,60557.0,0.0,49.0,96808.99,Nordrhein-Westfalen
54.0,72215.0,1.0,42.0,117790.98,Sachsen
60.0,89512.0,1.0,59.0,145466.52,Nordrhein-Westfalen
32.0,31090.0,1.0,29.0,59413.64,Baden-Württemberg
69.0,69084.0,1.0,41.0,107414.81,Thüringen
53.0,50089.0,1.0,39.0,90472.38,Bayern
61.0,67757.0,0.0,47.0,107610.75,Nordrhein-Westfalen
51.0,75335.0,0.0,50.0,110590.22,Sachsen
52.0,66602.0,,45.0,98756.07,Bayern
31.0,43389.0,0.0,47.0,52734.87,Sachsen
56.0,45484.0,1.0,35.0,68018.6,Bayern
31.0,30572.0,0.0,31.0,47857.93,Thüringen
55.0,44222.0,1.0,37.0,78218.77,Bayern
46.0,67067.0,1.0,45.0,88579.71,Thüringen
69.0,96516.0,1.0,64.0,142208.17,Baden-Württemberg
62.0,80179.0,1.0,56.0,138650.02,Niedersachsen
38.0,34983.0,0.0,33.0,39236.62,Hamburg
68.0,94307.0,0.0,56.0,139799.0,Berlin
58.0,64638.0,1.0,46.0,98621.47,Bayern
55.0,50959.0,1.0,46.0,88240.21,Niedersachsen
64.0,63436.0,0.0,45.0,95562.13,Baden-Württemberg
54.0,58380.0,1.0,45.0,89265.3,Hessen
53.0,62497.0,1.0,47.0,95797.57,Bayern
42.0,48275.0,1.0,42.0,70990.88,Thüringen
36.0,28194.0,0.0,33.0,33483.78,Baden-Württemberg
65.0,88138.0,0.0,58.0,123538.59,Baden-Württemberg
49.0,55986.0,1.0,37.0,71207.17,Bayern
30.0,29264.0,1.0,21.0,54886.03,Berlin
37.0,56641.0,0.0,50.0,59783.06,Bayern
45.0,40446.0,0.0,41.0,76851.18,Brandenburg
43.0,33444.0,1.0,36.0,63707.22,Nordrhein-Westfalen
41.0,62740.0,0.0,52.0,91641.0,Niedersachsen
52.0,81387.0,1.0,55.0,91299.91,Hessen
44.0,47183.0,1.0,34.0,70636.85,Baden-Württemberg
57.0,65801.0,0.0,41.0,110519.86,Niedersachsen
63.0,60374.0,1.0,38.0,92221.35,Baden-Württemberg
31.0,38149.0,1.0,43.0,46875.9,Nordrhein-Westfalen
61.0,65481.0,1.0,44.0,95229.38,Bayern
52.0,59767.0,1.0,52.0,90442.28,Berlin
51.0,64228.0,0.0,46.0,85280.73,Bayern
54.0,51135.0,1.0,36.0,95898.4,Nordrhein-Westfalen
51.0,55866.0,0.0,35.0,84704.04,Baden-Württemberg
51.0,40228.0,1.0,31.0,64816.33,Hessen
35.0,38580.0,1.0,44.0,47131.37,Baden-Württemberg
44.0,51181.0,1.0,33.0,83060.06,Niedersachsen
66.0,78548.0,0.0,69.0,121289.35,Sachsen
62.0,74323.0,1.0,46.0,103270.9,Berlin
37.0,54403.0,0.0,47.0,53690.36,Brandenburg
34.0,24647.0,1.0,26.0,49746.45,Sachsen
68.0,62116.0,0.0,44.0,98786.45,Hamburg
33.0,45996.0,1.0,29.0,70449.86,Brandenburg
35.0,20317.0,0.0,24.0,60372.24,Hessen
61.0,72628.0,0.0,43.0,107586.29,Niedersachsen
59.0,55669.0,0.0,31.0,84097.56,Baden-Württemberg
64.0,90952.0,0.0,61.0,116583.47,Nordrhein-Westfalen
69.0,82036.0,0.0,52.0,118543.95,Berlin
45.0,50903.0,1.0,52.0,79988.48,Baden-Württemberg
42.0,63339.0,1.0,54.0,90132.53,Nordrhein-Westfalen
59.0,56937.0,1.0,55.0,109491.66,Berlin
48.0,47062.0,0.0,34.0,79825.38,Baden-Württemberg
46.0,40684.0,1.0,36.0,66968.71,Niedersachsen
48.0,47153.0,0.0,20.0,67603.44,Sachsen
57.0,66962.0,1.0,47.0,103890.1,Sachsen
55.0,69487.0,1.0,50.0,93455.52,Thüringen
66.0,86491.0,1.0,59.0,127825.69,Nordrhein-Westfalen
55.0,44341.0,0.0,37.0,80565.16,Baden-Württemberg
52.0,59011.0,1.0,45.0,88150.0,Berlin
38.0,33666.0,1.0,13.0,50494.07,Nordrhein-Westfalen
41.0,46713.0,1.0,40.0,49617.32,Bayern
30.0,62318.0,1.0,50.0,93943.58,Hessen
30.0,40170.0,1.0,44.0,63566.56,Hessen
63.0,82564.0,1.0,59.0,124742.75,Bayern
61.0,91903.0,0.0,60.0,111764.41,Sachsen
54.0,75271.0,1.0,60.0,122250.09,Brandenburg
69.0,74462.0,1.0,36.0,110415.92,Berlin
30.0,23168.0,1.0,23.0,38984.74,Thüringen
45.0,52953.0,1.0,36.0,69536.92,Brandenburg
68.0,72078.0,1.0,51.0,93935.85,Baden-Württemberg
34.0,24811.0,1.0,12.0,57541.73,Hamburg
51.0,62402.0,1.0,55.0,106473.29,Nordrhein-Westfalen
58.0,70268.0,1.0,48.0,103403.43,Nordrhein-Westfalen
32.0,58361.0,0.0,46.0,71055.84,Nordrhein-Westfalen
41.0,45016.0,0.0,39.0,65106.71,Niedersachsen
55.0,67168.0,0.0,57.0,95526.72,Bayern
45.0,46062.0,1.0,25.0,61105.39,Nordrhein-Westfalen
66.0,85534.0,1.0,59.0,122017.62,Sachsen
51.0,58438.0,1.0,52.0,90811.71,Baden-Württemberg
58.0,54668.0,1.0,42.0,99426.78,Baden-Württemberg
43.0,50963.0,0.0,34.0,76275.31,Thüringen
57.0,70535.0,1.0,46.0,88743.79,Nordrhein-Westfalen
34.0,44113.0,1.0,34.0,69211.99,Sachsen
59.0,79812.0,1.0,50.0,112833.38,Sachsen
34.0,25640.0,0.0,27.0,59338.04,Hamburg
41.0,39800.0,1.0,45.0,79421.65,Niedersachsen
45.0,60218.0,1.0,41.0,102902.04,Hamburg
55.0,56264.0,1.0,40.0,83364.29,Baden-Württemberg
55.0,66738.0,1.0,52.0,120215.5,Düsseldorf
50.0,32462.0,1.0,30.0,65554.28,Brandenburg
68.0,107689.0,1.0,60.0,165482.31,Niedersachsen
65.0,72055.0,1.0,51.0,105462.29,Brandenburg
62.0,84673.0,1.0,57.0,118973.65,Brandenburg
59.0,64816.0,1.0,54.0,102801.02,Baden-Württemberg
66.0,80562.0,1.0,48.0,121433.27,Bayern
52.0,77055.0,1.0,60.0,121764.28,Baden-Württemberg
39.0,59413.0,0.0,44.0,80369.74,Baden-Württemberg
34.0,39127.0,0.0,27.0,71127.46,Thüringen
65.0,73513.0,1.0,43.0,119578.06,Baden-Württemberg
63.0,83693.0,1.0,70.0,119357.7,Bayern
60.0,94859.0,1.0,61.0,138156.74,Hessen
39.0,48855.0,1.0,46.0,68265.8,Hessen
48.0,77759.0,0.0,42.0,130352.49,Baden-Württemberg
61.0,68022.0,1.0,67.0,77134.04,Nordrhein-Westfalen
30.0,47328.0,0.0,45.0,72459.7,Nordrhein-Westfalen
34.0,53286.0,1.0,40.0,57023.34,Bayern
33.0,35813.0,1.0,31.0,54223.32,Bayern
45.0,45178.0,0.0,43.0,70342.95,Sachsen
53.0,74381.0,0.0,57.0,120881.72,Nordrhein-Westfalen
45.0,47515.0,0.0,40.0,66554.21,Niedersachsen
31.0,28390.0,0.0,29.0,59963.88,Baden-Württemberg
57.0,58882.0,1.0,48.0,80802.02,Berlin
61.0,64831.0,0.0,35.0,113585.7,Hessen
56.0,74505.0,1.0,50.0,103566.8,Baden-Württemberg
49.0,63205.0,0.0,35.0,92627.74,Berlin
53.0,69721.0,1.0,54.0,98479.34,Hessen
41.0,53509.0,0.0,37.0,90805.35,Bayern
64.0,67455.0,1.0,38.0,116446.72,Nordrhein-Westfalen
62.0,79285.0,1.0,49.0,121004.55,Nordrhein-Westfalen
62.0,84548.0,1.0,58.0,110128.73,Bayern
66.0,82404.0,0.0,55.0,113241.16,Nordrhein-Westfalen
41.0,53816.0,1.0,34.0,68749.31,Baden-Württemberg
32.0,30856.0,1.0,18.0,27934.83,Nordrhein-Westfalen
30.0,39302.0,1.0,35.0,71437.17,Baden-Württemberg
62.0,62829.0,1.0,42.0,96175.78,Baden-Württemberg
69.0,79059.0,0.0,53.0,115211.31,Niedersachsen
39.0,28981.0,1.0,28.0,67912.67,Berlin
58.0,49680.0,0.0,43.0,77792.44,Sachsen
42.0,47953.0,1.0,45.0,65155.0,Bayern
41.0,42992.0,1.0,38.0,65811.72,Bayern
60.0,70713.0,0.0,48.0,93794.62,Brandenburg
31.0,36628.0,0.0,33.0,58605.27,Berlin
64.0,74222.0,1.0,50.0,108488.51,Bayern
52.0,67475.0,1.0,37.0,93897.2,Niedersachsen
46.0,49340.0,0.0,47.0,69960.66,Nordrhein-Westfalen
55.0,61750.0,1.0,52.0,93666.44,Nordrhein-Westfalen
37.0,60379.0,0.0,59.0,83542.5,Thüringen
58.0,67418.0,0.0,65.0,95613.26,Bayern
55.0,62186.0,0.0,38.0,90301.78,Niedersachsen
39.0,47664.0,1.0,36.0,71040.72,Berlin
55.0,62380.0,0.0,64.0,92302.99,Niedersachsen
63.0,65114.0,1.0,47.0,102718.58,Berlin
70.0,69581.0,1.0,51.0,103751.58,Thüringen
36.0,35235.0,1.0,22.0,67764.25,Nordrhein-Westfalen
33.0,49726.0,1.0,41.0,71847.89,Thüringen
40.0,41023.0,0.0,49.0,59175.54,Nordrhein-Westfalen
58.0,65705.0,0.0,57.0,102678.3,Sachsen
65.0,82579.0,0.0,52.0,119442.59,Nordrhein-Westfalen
54.0,60025.0,1.0,42.0,74740.62,Berlin
50.0,65573.0,1.0,40.0,99556.57,Bayern
65.0,58270.0,1.0,38.0,85983.74,Berlin
39.0,45332.0,0.0,24.0,77782.69,Baden-Württemberg
66.0,76920.0,1.0,53.0,113661.11,Hamburg
38.0,45935.0,0.0,49.0,76303.93,Brandenburg
53.0,44034.0,1.0,40.0,69020.15,Hamburg
64.0,86943.0,1.0,68.0,126122.42,Thüringen
64.0,64626.0,0.0,55.0,113550.22,Sachsen
65.0,78613.0,1.0,50.0,114603.28,Baden-Württemberg
47.0,55536.0,0.0,37.0,76897.16,Bayern
68.0,89120.0,0.0,55.0,135200.0,Berlin
61.0,94363.0,1.0,50.0,137974.71,Bayern
53.0,47966.0,1.0,39.0,73902.32,Nordrhein-Westfalen
52.0,53837.0,1.0,22.0,64750.35,Hamburg
61.0,72690.0,0.0,55.0,101692.85,Hessen
66.0,64077.0,1.0,48.0,109821.52,Nordrhein-Westfalen
41.0,57422.0,1.0,47.0,75053.42,Nordrhein-Westfalen
42.0,59171.0,1.0,52.0,85183.22,Baden-Württemberg
52.0,66942.0,0.0,50.0,90579.78,Niedersachsen
54.0,65610.0,1.0,59.0,78467.12,Berlin
70.0,67872.0,0.0,44.0,114545.55,Baden-Württemberg
59.0,69178.0,1.0,48.0,80282.57,Brandenburg
46.0,46352.0,1.0,22.0,76759.63,Bayern
49.0,67271.0,0.0,42.0,83949.89,Bayern
54.0,43162.0,1.0,34.0,81298.0,Niedersachsen
51.0,59485.0,0.0,49.0,96388.95,Nordrhein-Westfalen
42.0,53660.0,1.0,37.0,77862.18,Bayern
48.0,46259.0,1.0,29.0,73400.97,Baden-Württemberg
65.0,68189.0,0.0,36.0,97143.57,Nordrhein-Westfalen
41.0,49106.0,1.0,35.0,60659.78,Baden-Württemberg
70.0,90763.0,1.0,74.0,149827.25,Sachsen
48.0,45333.0,1.0,40.0,65343.65,Hessen
41.0,39630.0,1.0,41.0,80659.67,Bayern
38.0,57891.0,1.0,38.0,73104.4,Bayern
36.0,40554.0,1.0,24.0,68345.72,Baden-Württemberg
57.0,57867.0,0.0,35.0,78941.48,Bayern
43.0,59012.0,1.0,44.0,91000.76,Baden-Württemberg
60.0,64260.0,0.0,33.0,95392.37,Hessen
48.0,67677.0,1.0,42.0,94002.32,Baden-Württemberg
45.0,46082.0,0.0,34.0,78379.94,Hamburg
34.0,39614.0,1.0,26.0,56174.25,Hessen
64.0,84143.0,0.0,42.0,106701.56,Bayern
41.0,46486.0,1.0,40.0,79483.05,Baden-Württemberg
54.0,71244.0,1.0,51.0,92301.85,Baden-Württemberg
50.0,57994.0,1.0,49.0,93543.59,Baden-Württemberg
65.0,96471.0,1.0,55.0,145684.18,Nordrhein-Westfalen
52.0,77888.0,1.0,59.0,105968.69,Bayern
45.0,38876.0,1.0,45.0,78038.11,Nordrhein-Westfalen
68.0,83899.0,0.0,59.0,128052.56,Berlin
68.0,69381.0,1.0,45.0,102303.37,Berlin
43.0,53186.0,1.0,43.0,93969.09,Hamburg
60.0,70296.0,1.0,46.0,94507.15,Niedersachsen
34.0,29899.0,0.0,24.0,45878.08,Bayern
64.0,85374.0,1.0,62.0,121684.52,Baden-Württemberg
52.0,63079.0,1.0,46.0,100733.46,Hessen
58.0,64297.0,1.0,56.0,110338.33,Bayern
40.0,43103.0,0.0,33.0,77219.0,Berlin
47.0,56965.0,0.0,41.0,86689.81,Niedersachsen
41.0,53363.0,1.0,38.0,75926.68,Brandenburg
38.0,44329.0,0.0,29.0,48028.91,Hessen
39.0,16051.0,0.0,29.0,24654.09,Hamburg
46.0,54548.0,1.0,58.0,100672.01,Nordrhein-Westfalen
67.0,61517.0,0.0,43.0,80799.11,Niedersachsen
36.0,41243.0,1.0,31.0,55677.0,Hamburg
42.0,34792.0,1.0,27.0,71876.74,Niedersachsen
69.0,63958.0,1.0,42.0,106491.22,Nordrhein-Westfalen
38.0,59079.0,1.0,56.0,92587.82,Berlin
56.0,61743.0,1.0,41.0,100812.37,Berlin
31.0,33788.0,0.0,28.0,67174.26,Nordrhein-Westfalen
34.0,46577.0,1.0,30.0,71156.2,Hessen
58.0,63366.0,1.0,49.0,104762.36,Baden-Württemberg
66.0,98881.0,1.0,64.0,131352.24,Sachsen
67.0,74189.0,0.0,44.0,118596.14,Baden-Württemberg
48.0,60494.0,1.0,39.0,85749.76,Nordrhein-Westfalen
37.0,55129.0,1.0,53.0,73887.77,Nordrhein-Westfalen
30.0,54381.0,1.0,42.0,83223.78,Thüringen
51.0,51743.0,1.0,42.0,91562.01,Baden-Württemberg
46.0,49832.0,0.0,41.0,93781.58,Hessen
36.0,57337.0,0.0,53.0,95615.03,Berlin
54.0,71830.0,1.0,44.0,113981.18,Bayern
33.0,51920.0,0.0,38.0,54310.26,Baden-Württemberg
65.0,60136.0,1.0,44.0,116989.74,Hessen
35.0,59218.0,0.0,33.0,89824.77,Berlin
60.0,61297.0,1.0,39.0,89077.09,Baden-Württemberg
48.0,58620.0,1.0,52.0,95311.77,Hessen
68.0,76627.0,1.0,59.0,106279.31,Nordrhein-Westfalen
56.0,55688.0,0.0,49.0,94116.03,Nordrhein-Westfalen
39.0,31451.0,1.0,27.0,41728.39,Sachsen
55.0,45218.0,1.0,34.0,69467.58,Berlin
48.0,57825.0,1.0,31.0,94299.04,Thüringen
68.0,61693.0,0.0,52.0,111218.49,Nordrhein-Westfalen
32.0,26878.0,1.0,36.0,50126.6,Bayern
42.0,47660.0,0.0,46.0,69281.41,Baden-Württemberg
57.0,37682.0,0.0,45.0,48170.28,Berlin
49.0,66068.0,1.0,51.0,93925.34,Berlin
57.0,40164.0,0.0,46.0,77779.65,Hessen
37.0,43760.0,1.0,35.0,63570.42,Hessen
70.0,80568.0,0.0,43.0,120515.75,Nordrhein-Westfalen
68.0,84070.0,1.0,63.0,122645.18,Brandenburg
30.0,36552.0,0.0,21.0,51200.08,Baden-Württemberg
32.0,61059.0,0.0,47.0,81549.78,Nordrhein-Westfalen
42.0,52370.0,0.0,48.0,74270.35,Bayern
57.0,77726.0,0.0,56.0,125762.16,Thüringen
54.0,55199.0,1.0,59.0,64942.31,Baden-Württemberg
62.0,73034.0,1.0,38.0,104459.86,Thüringen
67.0,93933.0,0.0,61.0,124053.4,Baden-Württemberg
35.0,39852.0,1.0,35.0,63972.97,Bayern
61.0,72725.0,1.0,42.0,109982.32,Baden-Württemberg
50.0,69342.0,0.0,42.0,115292.51,Niedersachsen
45.0,45230.0,0.0,32.0,91201.91,Nordrhein-Westfalen
50.0,35262.0,0.0,25.0,55722.36,Berlin
40.0,50626.0,1.0,40.0,75452.53,Sachsen
66.0,86787.0,0.0,54.0,127064.84,Hessen
65.0,60323.0,1.0,47.0,90362.92,Niedersachsen
64.0,81163.0,0.0,60.0,124639.62,Nordrhein-Westfalen
48.0,63876.0,1.0,51.0,90833.08,Bayern
49.0,32964.0,0.0,29.0,49823.49,Bayern
47.0,45296.0,0.0,40.0,69529.36,Sachsen
70.0,76112.0,1.0,60.0,107199.46,Sachsen
43.0,49162.0,0.0,43.0,84864.12,Thüringen
44.0,44135.0,1.0,50.0,90278.48,Sachsen
60.0,60911.0,0.0,52.0,97769.6,Baden-Württemberg
30.0,55132.0,0.0,55.0,74760.4,Nordrhein-Westfalen
32.0,38008.0,1.0,17.0,59823.29,Berlin
45.0,45742.0,0.0,39.0,83874.88,Thüringen
52.0,60428.0,0.0,43.0,102443.11,Berlin
40.0,53679.0,1.0,41.0,77410.61,Berlin
41.0,49499.0,1.0,34.0,77389.91,Hamburg
39.0,44538.0,0.0,40.0,74086.48,Bayern
61.0,63590.0,0.0,34.0,86929.76,Baden-Württemberg
45.0,46099.0,0.0,41.0,84552.86,Sachsen
37.0,38116.0,0.0,29.0,77480.16,Nordrhein-Westfalen
67.0,80824.0,1.0,52.0,132575.6,Baden-Württemberg
41.0,38158.0,0.0,37.0,49170.73,Nordrhein-Westfalen
53.0,66225.0,1.0,49.0,78191.01,Hessen
57.0,81624.0,1.0,63.0,123507.46,Berlin
37.0,48132.0,1.0,32.0,63544.0,Bayern
57.0,62292.0,1.0,46.0,99289.0,Nordrhein-Westfalen
65.0,60902.0,1.0,52.0,114790.5,Niedersachsen
55.0,81244.0,1.0,58.0,108119.52,Hamburg
37.0,31911.0,0.0,34.0,49510.98,Hessen
57.0,75502.0,1.0,61.0,112788.96,Baden-Württemberg
57.0,73224.0,1.0,49.0,94361.83,Berlin
66.0,73497.0,1.0,47.0,104863.39,Baden-Württemberg
70.0,77553.0,1.0,58.0,119128.85,Bayern
65.0,55071.0,1.0,41.0,90033.88,Niedersachsen
56.0,68794.0,1.0,57.0,108744.79,Sachsen
46.0,61088.0,1.0,48.0,117616.31,Berlin
38.0,33873.0,0.0,28.0,56924.35,Bayern
62.0,70035.0,1.0,52.0,98348.59,Niedersachsen
49.0,58030.0,1.0,38.0,102268.68,Nordrhein-Westfalen
42.0,56364.0,1.0,50.0,66173.96,Nordrhein-Westfalen
57.0,66341.0,0.0,38.0,85104.71,Nordrhein-Westfalen
58.0,49747.0,1.0,48.0,77878.69,Hamburg
42.0,44277.0,1.0,39.0,67064.45,Nordrhein-Westfalen
64.0,76331.0,1.0,52.0,108153.91,Baden-Württemberg
35.0,51556.0,1.0,46.0,73467.98,Bayern
47.0,48751.0,1.0,43.0,79984.29,Berlin
34.0,65070.0,1.0,57.0,98105.63,Hamburg
54.0,42499.0,1.0,45.0,75331.36,Sachsen
31.0,31976.0,1.0,33.0,45789.83,Nordrhein-Westfalen
39.0,45869.0,1.0,32.0,80389.23,Baden-Württemberg
59.0,66293.0,0.0,44.0,91936.18,Baden-Württemberg
34.0,27982.0,0.0,28.0,31074.53,Bayern
62.0,76582.0,0.0,61.0,124774.93,Bayern
30.0,41029.0,0.0,32.0,70761.65,Hessen
47.0,55970.0,1.0,40.0,76520.05,Sachsen
61.0,74239.0,1.0,65.0,106676.91,Thüringen
40.0,43259.0,1.0,36.0,58493.0,Niedersachsen
50.0,41164.0,1.0,31.0,74268.93,Nordrhein-Westfalen
55.0,56358.0,0.0,49.0,105656.62,Hamburg
54.0,64748.0,1.0,47.0,104496.28,Bayern
51.0,61555.0,0.0,36.0,101804.21,Hamburg
56.0,65663.0,1.0,55.0,107678.5,Hessen
42.0,55975.0,0.0,38.0,80767.86,Nordrhein-Westfalen
62.0,65422.0,1.0,48.0,113261.61,Bayern
63.0,73099.0,1.0,51.0,118236.17,Bayern
70.0,86609.0,1.0,60.0,142906.55,Bayern
64.0,72974.0,1.0,36.0,106325.73,Thüringen
30.0,23521.0,1.0,24.0,24543.56,Berlin
50.0,48277.0,1.0,47.0,88936.09,Nordrhein-Westfalen
35.0,51440.0,0.0,50.0,76009.29,Nordrhein-Westfalen
57.0,81401.0,1.0,49.0,113014.09,Bayern
46.0,67111.0,1.0,55.0,93112.35,Hessen
34.0,43862.0,1.0,32.0,91438.09,Sachsen
60.0,56507.0,0.0,41.0,84172.64,Berlin
34.0,41276.0,1.0,33.0,53961.89,Sachsen
67.0,94092.0,1.0,63.0,135212.01,Bayern
32.0,45882.0,1.0,45.0,78435.1,Baden-Württemberg
52.0,58625.0,1.0,46.0,113237.35,Sachsen
66.0,82882.0,0.0,56.0,127752.43,Nordrhein-Westfalen
66.0,62298.0,1.0,53.0,88092.7,Thüringen
39.0,39225.0,1.0,29.0,83313.68,Niedersachsen
39.0,35011.0,0.0,32.0,57408.01,Sachsen
48.0,61627.0,1.0,53.0,82405.97,Nordrhein-Westfalen
46.0,62109.0,1.0,50.0,79387.46,Nordrhein-Westfalen
50.0,57036.0,1.0,40.0,95823.72,Hessen
43.0,41643.0,0.0,25.0,68969.85,Berlin
38.0,45470.0,1.0,40.0,72615.51,Sachsen
30.0,31727.0,0.0,20.0,62658.18,Berlin
42.0,41390.0,1.0,34.0,58786.52,Hamburg
33.0,43936.0,1.0,45.0,78850.36,Berlin
30.0,28784.0,1.0,34.0,42416.07,Berlin
69.0,62333.0,0.0,32.0,123546.58,Berlin
61.0,56063.0,1.0,44.0,98148.54,Berlin
63.0,55422.0,0.0,40.0,81784.14,Sachsen
57.0,68984.0,0.0,41.0,81325.05,Berlin
60.0,71186.0,1.0,53.0,115349.19,Hessen
37.0,45690.0,1.0,34.0,64971.82,Baden-Württemberg
68.0,84609.0,1.0,54.0,123507.33,Baden-Württemberg
55.0,77056.0,1.0,54.0,118343.37,Bayern
63.0,66387.0,0.0,44.0,112799.7,Niedersachsen
32.0,43583.0,0.0,37.0,75274.62,Baden-Württemberg
41.0,31809.0,1.0,27.0,44588.0,Sachsen
30.0,51957.0,1.0,37.0,86152.97,Bayern
34.0,27844.0,0.0,36.0,41694.48,Bayern
59.0,60769.0,1.0,53.0,72785.83,Baden-Württemberg
59.0,61988.0,0.0,34.0,83817.23,Baden-Württemberg
46.0,37812.0,1.0,39.0,67614.67,Nordrhein-Westfalen
52.0,61228.0,0.0,55.0,81411.98,Nordrhein-Westfalen
44.0,54514.0,1.0,53.0,80645.05,Hessen
66.0,74011.0,1.0,56.0,116589.56,Baden-Württemberg
50.0,42001.0,1.0,29.0,69941.72,Bayern
43.0,72619.0,1.0,56.0,94619.66,Berlin
31.0,44046.0,1.0,31.0,51186.35,Thüringen
40.0,76423.0,0.0,51.0,101008.49,Bayern
67.0,87538.0,1.0,53.0,120582.75,Berlin
63.0,81261.0,1.0,48.0,109555.23,Bayern
67.0,73998.0,1.0,55.0,111198.78,Berlin
63.0,88113.0,1.0,72.0,123910.94,Baden-Württemberg
47.0,51053.0,1.0,49.0,89354.82,Nordrhein-Westfalen
59.0,64556.0,1.0,52.0,115909.26,Bayern
44.0,14547.0,1.0,29.0,28960.3,Nordrhein-Westfalen
56.0,69651.0,1.0,54.0,123769.4,Baden-Württemberg
63.0,58435.0,1.0,47.0,87561.26,Thüringen
67.0,71177.0,1.0,57.0,112500.75,Baden-Württemberg
62.0,60595.0,0.0,36.0,101207.94,Sachsen
53.0,57988.0,1.0,45.0,114801.87,Nordrhein-Westfalen
44.0,57008.0,0.0,43.0,77339.83,Thüringen
59.0,68591.0,1.0,50.0,85536.41,Berlin
46.0,62061.0,1.0,43.0,105588.24,Nordrhein-Westfalen
34.0,55070.0,0.0,46.0,67139.29,Berlin
58.0,63385.0,0.0,41.0,93077.19,Baden-Württemberg
33.0,35069.0,0.0,29.0,43110.27,Berlin
39.0,57156.0,1.0,39.0,77986.08,Baden-Württemberg
46.0,65611.0,1.0,54.0,85435.92,Thüringen
39.0,54801.0,0.0,42.0,84900.44,Baden-Württemberg
46.0,44038.0,1.0,34.0,72625.61,Hessen
49.0,62203.0,1.0,43.0,85122.57,Hessen
53.0,63147.0,1.0,47.0,105317.06,Hamburg
34.0,52759.0,1.0,53.0,77110.67,Niedersachsen
63.0,66597.0,0.0,40.0,83837.24,Baden-Württemberg
35.0,24355.0,1.0,32.0,55167.61,Hessen
31.0,45575.0,1.0,41.0,67425.51,Bayern
42.0,22279.0,1.0,20.0,61502.53,Sachsen
40.0,39921.0,1.0,45.0,65687.09,Nordrhein-Westfalen
52.0,49778.0,1.0,44.0,72763.75,Thüringen
45.0,42110.0,1.0,33.0,67204.52,Baden-Württemberg
60.0,61431.0,1.0,33.0,105250.41,Bayern
40.0,61057.0,0.0,47.0,77084.28,Baden-Württemberg
45.0,62178.0,1.0,46.0,85463.8,Baden-Württemberg
37.0,41869.0,1.0,29.0,62593.9,Bayern
33.0,52554.0,0.0,34.0,60796.8,Niedersachsen
69.0,67799.0,0.0,55.0,99345.38,Bayern
33.0,27264.0,1.0,15.0,49485.54,Brandenburg
54.0,72410.0,1.0,53.0,117491.52,Sachsen
32.0,45461.0,1.0,36.0,69182.41,Niedersachsen
61.0,65648.0,0.0,51.0,100202.5,Berlin
32.0,26860.0,0.0,26.0,37058.29,Berlin
56.0,81045.0,0.0,58.0,125101.5,Berlin
58.0,48730.0,1.0,34.0,87338.42,Baden-Württemberg
61.0,64150.0,0.0,47.0,91908.79,Niedersachsen
48.0,59014.0,1.0,48.0,97451.48,Bayern
50.0,78249.0,1.0,55.0,114846.09,Nordrhein-Westfalen
34.0,45499.0,1.0,40.0,58717.86,Nordrhein-Westfalen
47.0,60658.0,0.0,39.0,87172.44,Hessen
57.0,60125.0,1.0,41.0,89090.25,Bayern
51.0,65955.0,0.0,44.0,122657.88,Bayern
50.0,59847.0,1.0,43.0,95607.73,Nordrhein-Westfalen
35.0,25203.0,1.0,37.0,48554.06,Brandenburg
30.0,45604.0,1.0,35.0,69872.12,Bayern
34.0,51868.0,1.0,33.0,87676.29,Baden-Württemberg
70.0,89117.0,0.0,63.0,128700.13,Baden-Württemberg
41.0,49301.0,1.0,49.0,68579.84,Nordrhein-Westfalen
55.0,53760.0,0.0,33.0,93912.15,Bayern
63.0,47767.0,0.0,53.0,81512.67,Hamburg
43.0,52813.0,0.0,44.0,67106.32,Berlin
55.0,75863.0,1.0,60.0,96369.11,Hessen
56.0,76011.0,1.0,63.0,125585.18,Nordrhein-Westfalen
38.0,54535.0,1.0,49.0,79772.26,Nordrhein-Westfalen
55.0,63325.0,0.0,46.0,89117.31,Berlin
51.0,71583.0,0.0,59.0,99159.39,Baden-Württemberg
59.0,78492.0,1.0,56.0,122336.16,Berlin
46.0,49781.0,0.0,48.0,73484.48,Hessen
55.0,71467.0,1.0,59.0,89954.18,Hessen
65.0,69167.0,1.0,42.0,110950.37,Niedersachsen
30.0,42861.0,1.0,42.0,74561.85,Baden-Württemberg
37.0,30511.0,0.0,29.0,63585.76,Niedersachsen
64.0,60640.0,1.0,46.0,92602.45,Baden-Württemberg
44.0,63671.0,0.0,48.0,102706.73,Nordrhein-Westfalen
51.0,69957.0,0.0,51.0,102053.63,Bayern
43.0,57981.0,0.0,55.0,96036.67,Niedersachsen
55.0,65084.0,1.0,38.0,104045.73,Baden-Württemberg
57.0,40366.0,1.0,23.0,58229.04,Berlin
52.0,60063.0,1.0,31.0,109287.55,Niedersachsen
43.0,56035.0,1.0,51.0,83116.94,Bayern
53.0,56160.0,1.0,38.0,93839.56,Nordrhein-Westfalen
31.0,30362.0,0.0,31.0,34904.28,Niedersachsen
55.0,79794.0,1.0,54.0,118498.73,Hessen
43.0,50456.0,1.0,34.0,88108.0,Bayern
36.0,48447.0,1.0,45.0,90879.99,Brandenburg
32.0,47570.0,1.0,38.0,82420.11,Hessen
52.0,50014.0,1.0,38.0,86755.55,Berlin
47.0,57545.0,1.0,45.0,70459.81,Niedersachsen
67.0,91461.0,,66.0,131748.07,Berlin
64.0,93624.0,1.0,55.0,126237.04,Bayern
44.0,52628.0,0.0,47.0,80768.14,Bayern
54.0,60464.0,0.0,55.0,79245.06,Baden-Württemberg
66.0,78982.0,1.0,45.0,116107.59,Bayern
57.0,68942.0,0.0,51.0,96688.41,Nordrhein-Westfalen
39.0,61809.0,1.0,44.0,80843.31,Nordrhein-Westfalen
68.0,67429.0,0.0,54.0,100668.95,Bayern
46.0,51329.0,1.0,32.0,77922.3,Thüringen
68.0,66119.0,0.0,59.0,107741.21,Brandenburg
51.0,48813.0,0.0,28.0,52577.91,Sachsen
55.0,68214.0,0.0,47.0,75900.15,Niedersachsen
54.0,71828.0,0.0,54.0,99915.01,Nordrhein-Westfalen
46.0,47322.0,1.0,34.0,73162.63,Baden-Württemberg
42.0,58398.0,1.0,38.0,86430.54,Bayern
49.0,69675.0,1.0,51.0,92342.53,Baden-Württemberg
54.0,84027.0,1.0,58.0,117270.4,Niedersachsen
33.0,41016.0,0.0,36.0,61945.93,Bayern
39.0,39831.0,1.0,41.0,56301.97,Nordrhein-Westfalen
32.0,28303.0,0.0,26.0,57388.47,Bayern
70.0,68456.0,1.0,51.0,111312.94,Nordrhein-Westfalen
47.0,69003.0,0.0,46.0,102390.57,Baden-Württemberg
65.0,58549.0,1.0,38.0,97388.62,Baden-Württemberg
51.0,72996.0,0.0,50.0,124497.54,Bayern
63.0,63391.0,0.0,43.0,105484.64,Berlin
37.0,37168.0,1.0,30.0,55031.56,Bayern
69.0,77676.0,1.0,62.0,126864.71,Nordrhein-Westfalen
48.0,48903.0,0.0,38.0,59895.32,Baden-Württemberg
70.0,90512.0,1.0,56.0,133444.42,Bayern
66.0,95730.0,1.0,63.0,138765.11,Nordrhein-Westfalen
35.0,35300.0,1.0,33.0,58384.57,Baden-Württemberg
55.0,59442.0,1.0,36.0,88964.7,Sachsen
63.0,71039.0,1.0,48.0,98163.51,Thüringen
35.0,48297.0,1.0,37.0,62369.93,Baden-Württemberg
66.0,74400.0,1.0,51.0,114577.68,Bayern
62.0,86770.0,1.0,63.0,112809.13,Berlin
51.0,72225.0,0.0,52.0,120296.65,Nordrhein-Westfalen
50.0,45848.0,1.0,47.0,48780.22,Hessen
35.0,48079.0,0.0,39.0,65670.65,Niedersachsen
35.0,58918.0,1.0,57.0,82500.37,Nordrhein-Westfalen
33.0,34894.0,1.0,29.0,60765.14,Baden-Württemberg
59.0,65278.0,1.0,42.0,91121.52,Nordrhein-Westfalen
40.0,42128.0,1.0,40.0,78281.31,Niedersachsen
59.0,62970.0,1.0,56.0,83862.47,Hessen
60.0,51460.0,1.0,31.0,80985.24,Sachsen
53.0,47554.0,1.0,37.0,85424.37,Niedersachsen
38.0,46525.0,1.0,34.0,80802.74,Bayern
32.0,55589.0,0.0,44.0,60798.72,Berlin
60.0,62903.0,1.0,47.0,125573.59,Brandenburg
69.0,72349.0,1.0,61.0,103823.85,Baden-Württemberg
66.0,94518.0,0.0,62.0,119618.58,Thüringen
65.0,62961.0,1.0,56.0,106364.96,Baden-Württemberg
53.0,43943.0,1.0,35.0,71806.29,Niedersachsen
60.0,60569.0,0.0,52.0,89849.34,Brandenburg
35.0,35242.0,1.0,34.0,63070.96,Baden-Württemberg
31.0,19138.0,0.0,37.0,21471.65,Sachsen
49.0,56231.0,0.0,33.0,67307.08,Nordrhein-Westfalen
57.0,76586.0,1.0,45.0,104976.08,Hamburg
40.0,33908.0,1.0,45.0,69238.65,Bayern
33.0,41209.0,1.0,30.0,56426.61,Baden-Württemberg
44.0,56488.0,1.0,39.0,99913.03,Bayern
35.0,41525.0,1.0,30.0,75726.31,Bayern
59.0,70484.0,0.0,58.0,107496.17,Brandenburg
67.0,79290.0,1.0,46.0,122565.05,Thüringen
31.0,29275.0,1.0,30.0,51628.74,Hessen
44.0,68447.0,0.0,47.0,96292.93,Sachsen
40.0,61386.0,0.0,53.0,81555.07,Niedersachsen
37.0,57504.0,1.0,40.0,78406.83,Berlin
55.0,75123.0,1.0,55.0,97596.04,Nordrhein-Westfalen
34.0,24264.0,1.0,19.0,22580.44,Berlin
35.0,52473.0,1.0,57.0,86012.47,Nordrhein-Westfalen
55.0,71240.0,1.0,49.0,106132.59,Bayern
33.0,23596.0,1.0,27.0,44008.34,Baden-Württemberg
48.0,54204.0,0.0,54.0,86153.64,Nordrhein-Westfalen
49.0,60621.0,1.0,41.0,81988.0,Hessen
62.0,89774.0,1.0,72.0,117051.99,Sachsen
49.0,65479.0,1.0,45.0,92555.99,Sachsen
41.0,39563.0,1.0,39.0,78550.75,Baden-Württemberg
30.0,55391.0,0.0,39.0,61951.79,Brandenburg
55.0,64604.0,0.0,38.0,69621.64,Berlin
43.0,48335.0,0.0,42.0,68096.85,Hessen
67.0,73602.0,1.0,56.0,124908.81,Nordrhein-Westfalen
66.0,58457.0,1.0,35.0,79415.76,Bayern
40.0,46664.0,1.0,36.0,59309.97,Hessen
65.0,80375.0,1.0,64.0,121858.27,Niedersachsen
42.0,45845.0,1.0,42.0,97820.78,Baden-Württemberg
32.0,43734.0,0.0,34.0,49055.81,Nordrhein-Westfalen
62.0,62350.0,1.0,42.0,84761.44,Hessen
35.0,40901.0,1.0,49.0,66275.03,Sachsen
39.0,50202.0,1.0,30.0,86793.36,Bayern
34.0,43401.0,1.0,36.0,58491.97,Baden-Württemberg
52.0,43463.0,1.0,26.0,57784.07,Brandenburg
39.0,42008.0,0.0,45.0,69244.54,Baden-Württemberg
31.0,56282.0,0.0,43.0,81611.9,Thüringen
42.0,44684.0,0.0,39.0,87308.31,Baden-Württemberg
69.0,79491.0,1.0,74.0,127058.7,Nordrhein-Westfalen
31.0,37149.0,1.0,29.0,65317.0,Hamburg
49.0,74627.0,1.0,65.0,102198.45,Bayern
30.0,50998.0,1.0,38.0,95539.65,Baden-Württemberg
66.0,84822.0,0.0,56.0,118968.62,Hessen
38.0,35130.0,1.0,51.0,52189.58,Hessen
46.0,58260.0,1.0,43.0,104933.18,Bayern
38.0,51844.0,1.0,31.0,60596.45,Sachsen
40.0,40278.0,1.0,37.0,45917.71,Bayern
44.0,42754.0,0.0,35.0,69418.9,Berlin
53.0,80451.0,1.0,58.0,112949.61,Hamburg
67.0,73888.0,1.0,51.0,111202.84,Baden-Württemberg
64.0,91409.0,1.0,76.0,140161.07,Sachsen
59.0,79283.0,1.0,59.0,105625.52,Berlin
60.0,73978.0,0.0,44.0,109383.25,Baden-Württemberg
34.0,46252.0,0.0,39.0,62891.18,Berlin
43.0,35922.0,0.0,27.0,51533.78,Hessen
40.0,50097.0,0.0,38.0,73036.86,Hamburg
38.0,61052.0,1.0,39.0,93849.29,Niedersachsen
63.0,80199.0,0.0,70.0,138366.29,Baden-Württemberg
41.0,50613.0,1.0,35.0,81875.89,Bayern
64.0,92461.0,1.0,66.0,105443.46,Nordrhein-Westfalen
64.0,71888.0,0.0,49.0,108277.84,Baden-Württemberg
30.0,30285.0,1.0,22.0,49774.03,Nordrhein-Westfalen
69.0,80988.0,0.0,57.0,130219.27,Baden-Württemberg
51.0,68102.0,1.0,52.0,101089.53,Nordrhein-Westfalen
58.0,48755.0,1.0,43.0,95736.22,Bayern
37.0,47689.0,0.0,20.0,73619.96,Hessen
40.0,56643.0,0.0,35.0,96334.06,Baden-Württemberg
70.0,77481.0,1.0,60.0,114318.99,Baden-Württemberg
66.0,88070.0,1.0,53.0,129089.55,Bayern
43.0,58063.0,1.0,45.0,93120.95,Baden-Württemberg
59.0,91693.0,1.0,52.0,121840.18,Bayern
64.0,65754.0,1.0,53.0,95513.44,Hamburg
50.0,67714.0,0.0,55.0,90616.13,Hessen
66.0,65032.0,1.0,53.0,96232.71,Nordrhein-Westfalen
34.0,23826.0,0.0,34.0,48808.86,Niedersachsen
48.0,34459.0,1.0,43.0,44237.57,Hessen
43.0,56948.0,1.0,35.0,67634.12,Berlin
55.0,66128.0,0.0,43.0,117054.79,Berlin
33.0,35064.0,1.0,39.0,48350.07,Berlin
54.0,43811.0,1.0,45.0,77794.39,Nordrhein-Westfalen
54.0,55557.0,1.0,38.0,72637.98,Bayern
47.0,55494.0,0.0,38.0,83850.57,Baden-Württemberg
69.0,87922.0,0.0,54.0,120453.26,Niedersachsen
37.0,44420.0,1.0,26.0,51519.02,Bayern
68.0,80968.0,1.0,47.0,135002.85,Sachsen
69.0,75241.0,1.0,44.0,128050.39,Nordrhein-Westfalen
43.0,70080.0,0.0,48.0,94723.69,Baden-Württemberg
61.0,59597.0,0.0,47.0,104647.51,Baden-Württemberg
67.0,69567.0,1.0,53.0,128522.22,Brandenburg
62.0,66385.0,1.0,45.0,110890.06,Hessen
52.0,66760.0,1.0,45.0,103242.45,Bayern
44.0,40928.0,0.0,36.0,68349.12,Niedersachsen
62.0,73197.0,0.0,41.0,115604.15,Hessen
54.0,64833.0,1.0,54.0,93686.46,Bayern
46.0,46834.0,1.0,47.0,71854.37,Baden-Württemberg
62.0,75303.0,1.0,48.0,116978.57,Nordrhein-Westfalen
31.0,27160.0,0.0,26.0,40495.11,Bayern
43.0,38995.0,1.0,43.0,61300.12,Nordrhein-Westfalen
69.0,80400.0,0.0,54.0,120052.16,Berlin
69.0,61320.0,1.0,50.0,113385.31,Hessen
68.0,54974.0,1.0,42.0,83002.22,Nordrhein-Westfalen
35.0,48208.0,1.0,50.0,78096.44,Nordrhein-Westfalen
35.0,53806.0,1.0,45.0,84195.58,Berlin
32.0,34112.0,1.0,36.0,62280.35,Bayern
36.0,36269.0,0.0,37.0,49092.44,Nordrhein-Westfalen
37.0,55505.0,1.0,39.0,61612.78,Berlin
44.0,39771.0,1.0,32.0,72076.48,Baden-Württemberg
58.0,52599.0,1.0,47.0,88810.94,Sachsen
62.0,79399.0,0.0,56.0,125617.3,Baden-Württemberg
59.0,68568.0,0.0,41.0,95476.41,Baden-Württemberg
68.0,89783.0,1.0,73.0,138190.26,Baden-Württemberg
56.0,42003.0,0.0,43.0,84471.99,Hessen
65.0,59789.0,1.0,45.0,96988.98,Niedersachsen
58.0,67540.0,1.0,47.0,106543.4,Bayern
67.0,81679.0,0.0,57.0,124223.23,Bayern
62.0,80910.0,0.0,59.0,108522.61,Bayern
66.0,77961.0,0.0,40.0,121393.97,Niedersachsen
56.0,67000.0,1.0,63.0,117255.91,Baden-Württemberg
62.0,67502.0,1.0,43.0,104564.5,Sachsen
33.0,57513.0,0.0,44.0,62722.06,Bayern
51.0,47827.0,1.0,39.0,71298.43,Thüringen
31.0,41983.0,1.0,50.0,43660.45,Baden-Württemberg
39.0,36057.0,1.0,32.0,73098.28,Nordrhein-Westfalen
34.0,47144.0,1.0,50.0,76527.76,Bayern
39.0,35523.0,1.0,36.0,54246.76,Baden-Württemberg
62.0,79791.0,0.0,48.0,101275.87,Nordrhein-Westfalen
67.0,78366.0,1.0,55.0,109630.95,Nordrhein-Westfalen
42.0,68945.0,1.0,49.0,88842.18,Berlin
60.0,66507.0,1.0,41.0,103384.25,Niedersachsen
65.0,79589.0,0.0,57.0,117896.45,Hessen
53.0,53504.0,1.0,42.0,98914.66,Nordrhein-Westfalen
44.0,49072.0,1.0,43.0,68862.67,Bayern
58.0,68532.0,0.0,51.0,86666.09,Hamburg
37.0,28037.0,0.0,24.0,37558.95,Brandenburg
34.0,25970.0,0.0,33.0,45444.01,Bayern
58.0,73890.0,0.0,48.0,100147.52,Sachsen
33.0,38675.0,1.0,13.0,56493.4,Baden-Württemberg
41.0,42509.0,0.0,37.0,61738.05,Baden-Württemberg
31.0,30097.0,1.0,26.0,59710.03,Hessen
56.0,57640.0,0.0,46.0,83811.43,Niedersachsen
60.0,70775.0,0.0,64.0,101574.15,Baden-Württemberg
65.0,79806.0,0.0,69.0,124673.13,Berlin
65.0,52291.0,0.0,40.0,83234.33,Sachsen
55.0,79452.0,1.0,49.0,117307.67,Bayern
56.0,79765.0,1.0,59.0,117216.16,Niedersachsen
34.0,16069.0,0.0,20.0,36929.31,Nordrhein-Westfalen
49.0,69396.0,0.0,52.0,86666.48,Berlin
40.0,59298.0,1.0,40.0,96941.73,Sachsen
39.0,46774.0,1.0,40.0,93641.06,Nordrhein-Westfalen
69.0,65252.0,1.0,42.0,105771.99,Berlin
67.0,88160.0,0.0,67.0,116308.36,Hessen
35.0,39813.0,0.0,31.0,60757.87,Niedersachsen
37.0,50552.0,1.0,45.0,83913.36,Hessen
52.0,84942.0,1.0,49.0,110785.84,Nordrhein-Westfalen
55.0,66861.0,0.0,54.0,97465.12,Bayern
41.0,38996.0,0.0,28.0,66237.4,Bayern
55.0,60489.0,1.0,47.0,105741.8,Bayern
42.0,41463.0,1.0,43.0,74976.67,Baden-Württemberg
69.0,84021.0,1.0,56.0,133358.19,Baden-Württemberg
47.0,46708.0,1.0,31.0,70719.18,Nordrhein-Westfalen
54.0,57917.0,1.0,47.0,94386.02,Niedersachsen
62.0,57795.0,0.0,38.0,85730.62,Niedersachsen
69.0,77887.0,0.0,51.0,126098.91,Hessen
41.0,50856.0,1.0,42.0,87967.12,Nordrhein-Westfalen
65.0,45863.0,0.0,47.0,88037.39,Brandenburg
33.0,43075.0,1.0,37.0,60255.17,Nordrhein-Westfalen
34.0,40849.0,1.0,36.0,60157.5,Bayern
66.0,67768.0,1.0,54.0,125157.59,Sachsen
37.0,66600.0,1.0,49.0,86748.87,Niedersachsen
57.0,76694.0,0.0,58.0,120681.69,Bayern
60.0,57664.0,0.0,51.0,95386.14,Hessen
38.0,54775.0,1.0,40.0,75261.51,Hamburg
58.0,80881.0,1.0,33.0,102290.11,Baden-Württemberg
43.0,52541.0,0.0,36.0,79916.64,Hessen
70.0,84074.0,1.0,57.0,144045.32,Baden-Württemberg
51.0,37169.0,0.0,31.0,57319.84,Sachsen
40.0,45828.0,1.0,46.0,93946.55,Niedersachsen
52.0,58284.0,1.0,43.0,93481.79,Nordrhein-Westfalen
30.0,52514.0,1.0,27.0,76020.69,Niedersachsen
66.0,79684.0,0.0,44.0,111685.27,Bayern
50.0,55477.0,1.0,46.0,88889.58,Hamburg
55.0,63152.0,1.0,46.0,101027.77,Niedersachsen
65.0,86078.0,0.0,68.0,133381.03,Thüringen
52.0,58873.0,1.0,39.0,80225.35,Bayern
30.0,29432.0,0.0,28.0,61522.97,Nordrhein-Westfalen
69.0,76330.0,1.0,47.0,120784.01,Sachsen
44.0,62396.0,0.0,43.0,94641.94,Niedersachsen
50.0,64086.0,1.0,34.0,92285.2,Sachsen
38.0,46165.0,1.0,35.0,60325.44,Berlin
38.0,47762.0,1.0,39.0,72194.21,Thüringen
39.0,40699.0,1.0,34.0,66612.75,Niedersachsen
55.0,62026.0,0.0,61.0,79649.63,Baden-Württemberg
70.0,73211.0,0.0,64.0,121272.09,Sachsen
64.0,70698.0,1.0,45.0,118855.24,Brandenburg
54.0,77644.0,1.0,40.0,103145.7,Berlin
55.0,52440.0,0.0,41.0,73482.49,Hessen
40.0,40385.0,0.0,38.0,60570.44,Baden-Württemberg
67.0,63547.0,1.0,41.0,103123.57,Berlin
31.0,22137.0,1.0,20.0,38697.44,Nordrhein-Westfalen
36.0,41489.0,1.0,47.0,63321.68,Baden-Württemberg
47.0,48752.0,0.0,38.0,78207.23,Bayern
56.0,84320.0,1.0,62.0,104544.82,Baden-Württemberg
63.0,69742.0,1.0,43.0,94365.56,Berlin
56.0,79198.0,1.0,54.0,85437.96,Nordrhein-Westfalen
46.0,64863.0,0.0,45.0,101644.17,Nordrhein-Westfalen
53.0,59694.0,1.0,40.0,91743.18,Sachsen
54.0,85929.0,1.0,66.0,129836.57,Hessen
36.0,46427.0,1.0,28.0,57408.1,Bayern
35.0,58838.0,1.0,47.0,81539.66,Sachsen
53.0,77106.0,1.0,51.0,111716.45,Nordrhein-Westfalen
62.0,76222.0,1.0,56.0,107580.68,Hessen
58.0,75531.0,1.0,50.0,94646.93,Niedersachsen
51.0,66558.0,1.0,54.0,115445.45,Sachsen
55.0,51720.0,1.0,34.0,98714.27,Niedersachsen
57.0,66921.0,0.0,57.0,95988.37,Bayern
50.0,70355.0,0.0,50.0,104977.17,Niedersachsen
36.0,60066.0,1.0,36.0,78126.13,Baden-Württemberg
46.0,46549.0,0.0,43.0,62984.61,Berlin
49.0,63355.0,1.0,45.0,111931.58,Berlin
70.0,82041.0,1.0,44.0,106587.98,Baden-Württemberg
49.0,56341.0,1.0,45.0,83125.26,Baden-Württemberg
51.0,63650.0,1.0,54.0,95477.5,Baden-Württemberg
57.0,68664.0,0.0,58.0,118552.48,Niedersachsen
69.0,85191.0,0.0,55.0,134143.64,Nordrhein-Westfalen
36.0,59150.0,0.0,46.0,63818.75,Thüringen
30.0,45508.0,1.0,38.0,64916.89,Bayern
61.0,74008.0,1.0,62.0,110730.9,Hessen
42.0,70246.0,1.0,44.0,94369.73,Sachsen
59.0,80507.0,1.0,52.0,122494.92,Baden-Württemberg
52.0,59873.0,1.0,39.0,76854.89,Niedersachsen
48.0,43335.0,1.0,27.0,67948.2,Nordrhein-Westfalen
61.0,59927.0,1.0,47.0,100903.48,Baden-Württemberg
59.0,78591.0,1.0,66.0,121131.95,Nordrhein-Westfalen
58.0,60549.0,0.0,44.0,95376.05,Nordrhein-Westfalen
58.0,56452.0,0.0,37.0,86683.9,Baden-Württemberg
45.0,45825.0,1.0,42.0,80681.1,Baden-Württemberg
69.0,88545.0,1.0,58.0,130019.9,Bayern
48.0,54835.0,1.0,52.0,73324.94,Brandenburg
47.0,40566.0,0.0,30.0,54913.08,Hamburg
30.0,37341.0,1.0,32.0,41316.33,Bayern
43.0,53520.0,1.0,44.0,94866.27,Sachsen
31.0,32891.0,0.0,34.0,59486.79,Bayern
57.0,78835.0,1.0,55.0,112307.45,Baden-Württemberg
59.0,63905.0,1.0,38.0,94428.01,Bayern
67.0,89170.0,1.0,76.0,123408.48,Hamburg
33.0,46732.0,1.0,37.0,78942.39,Berlin
30.0,47053.0,1.0,39.0,85990.12,Bayern
37.0,32686.0,1.0,36.0,49215.87,Baden-Württemberg
58.0,68451.0,1.0,45.0,114851.71,Nordrhein-Westfalen
68.0,77662.0,1.0,54.0,118227.18,Thüringen
32.0,23753.0,0.0,22.0,40179.55,Bayern
61.0,82624.0,1.0,59.0,134755.8,Berlin
39.0,37905.0,1.0,32.0,61717.86,Hessen
39.0,40159.0,1.0,37.0,67170.69,Niedersachsen
48.0,45545.0,0.0,30.0,75700.83,Berlin
63.0,80414.0,1.0,49.0,101554.64,Sachsen
42.0,57149.49800655036,0.0,35.0,,Hessen
34.0,43358.56434967347,1.0,33.0,,Berlin
33.0,45748.42693618564,1.0,55.0,,Niedersachsen
57.0,58633.96976384482,1.0,32.0,,Thüringen
43.0,53592.01268373325,0.0,31.0,,Nordrhein-Westfalen
37.0,38266.32199296525,1.0,36.0,,Baden-Württemberg
38.0,50640.423932004334,1.0,28.0,,Bayern
64.0,70306.34919789399,1.0,36.0,,Berlin
66.0,76115.9481075349,0.0,59.0,,Bayern
50.0,43389.6662576152,1.0,38.0,,Niedersachsen
47.0,46132.94535081172,1.0,38.0,,Nordrhein-Westfalen
62.0,77682.56445966552,0.0,28.0,,Nordrhein-Westfalen
37.0,37026.70345003768,0.0,52.0,,Thüringen
46.0,65112.43068984319,0.0,54.0,,Bayern
60.0,63515.3557570424,1.0,44.0,,Nordrhein-Westfalen
63.0,79754.37807458994,1.0,42.0,,Nordrhein-Westfalen
35.0,35620.91508044857,0.0,33.0,,Bayern
51.0,64923.2465521522,1.0,39.0,,Nordrhein-Westfalen
43.0,38133.969015536415,0.0,27.0,,Baden-Württemberg
32.0,34848.440657675164,0.0,24.0,,Nordrhein-Westfalen
41.0,41970.75544641636,1.0,20.0,,Hamburg
65.0,86000.22043383513,0.0,39.0,,Bayern
41.0,53765.35585459019,0.0,21.0,,Niedersachsen
31.0,26637.981443696044,1.0,30.0,,Niedersachsen
31.0,35916.95084009938,1.0,34.0,,Bayern
44.0,46191.87896569637,1.0,45.0,,Baden-Württemberg
52.0,71199.25034553104,1.0,29.0,,Berlin
58.0,81205.2106669526,1.0,46.0,,Hessen
46.0,42528.58264935153,0.0,44.0,,Nordrhein-Westfalen
61.0,80750.62261107466,0.0,24.0,,Sachsen
36.0,36252.28123171101,1.0,46.0,,Hamburg
59.0,68648.91021070804,1.0,32.0,,Nordrhein-Westfalen
57.0,68849.42162075546,0.0,30.0,,Berlin
43.0,68343.42995828904,1.0,32.0,,Nordrhein-Westfalen
59.0,61880.00056054359,0.0,35.0,,Bayern
46.0,63048.00599990672,1.0,31.0,,Berlin
61.0,62738.78126475906,1.0,27.0,,Niedersachsen
35.0,31305.75142624562,1.0,27.0,,Baden-Württemberg
53.0,64075.21152405026,0.0,36.0,,Nordrhein-Westfalen
35.0,42684.33163178136,1.0,33.0,,Nordrhein-Westfalen
56.0,41843.15467731814,0.0,40.0,,Berlin
47.0,67161.18295243074,1.0,36.0,,Berlin
53.0,44536.66728238031,1.0,36.0,,Nordrhein-Westfalen
66.0,77908.2919508747,1.0,41.0,,Nordrhein-Westfalen
53.0,75785.76768077022,0.0,49.0,,Bayern
67.0,100322.36627573174,0.0,50.0,,Bayern
63.0,72396.21052871113,1.0,48.0,,Niedersachsen
69.0,69862.19896027556,1.0,44.0,,Hessen
44.0,64786.55370707238,1.0,56.0,,Baden-Württemberg
40.0,56212.03314278404,1.0,39.0,,Bayern
51.0,57040.845501739626,1.0,38.0,,Sachsen
53.0,58268.38455170221,0.0,57.0,,Niedersachsen
30.0,30096.83903677389,0.0,8.0,,Thüringen
47.0,53602.47896688802,1.0,33.0,,Nordrhein-Westfalen
41.0,52447.560235608296,1.0,48.0,,Sachsen
57.0,63456.62655121073,0.0,45.0,,Bayern
69.0,78816.42539608196,0.0,61.0,,Nordrhein-Westfalen
36.0,49453.96108096693,1.0,36.0,,Baden-Württemberg
52.0,49271.15093249532,1.0,31.0,,Niedersachsen
50.0,56874.927420698994,1.0,32.0,,Berlin
63.0,60561.8096538407,1.0,38.0,,Bayern
40.0,49390.74203480306,1.0,51.0,,Nordrhein-Westfalen
51.0,43966.82165100914,1.0,51.0,,Nordrhein-Westfalen
64.0,84876.30328321343,0.0,34.0,,Baden-Württemberg
58.0,57893.550514330855,1.0,38.0,,Hessen
57.0,52580.65881183184,1.0,29.0,,Bayern
47.0,53430.97175074282,1.0,30.0,,Berlin
43.0,67392.46312717693,0.0,45.0,,Nordrhein-Westfalen
47.0,63119.27077514208,0.0,51.0,,Bayern
57.0,51230.94265343794,1.0,28.0,,Sachsen
53.0,51711.710837452105,1.0,37.0,,Baden-Württemberg
37.0,41292.5402355632,0.0,33.0,,Niedersachsen
37.0,65034.99740020256,1.0,44.0,,Niedersachsen
33.0,31654.70931020863,1.0,31.0,,Bayern
56.0,58982.6724132594,1.0,16.0,,Bayern
65.0,91807.01049333796,1.0,45.0,,Nordrhein-Westfalen
34.0,43060.345548235055,1.0,32.0,,Nordrhein-Westfalen
62.0,83975.47424607084,0.0,33.0,,Bayern
63.0,69114.66674485385,0.0,39.0,,Hamburg
59.0,70012.55646857031,1.0,39.0,,Baden-Württemberg
37.0,56717.58760576484,0.0,40.0,,Bayern
68.0,80288.19633710348,1.0,19.0,,Brandenburg
55.0,76311.86352250354,1.0,41.0,,Baden-Württemberg
66.0,82714.59944611686,0.0,16.0,,Nordrhein-Westfalen
63.0,66297.52548713186,0.0,43.0,,Niedersachsen
36.0,43526.38864791295,1.0,46.0,,Sachsen
69.0,91624.99730636716,1.0,21.0,,Niedersachsen
57.0,74592.79954735856,0.0,38.0,,Sachsen
68.0,81230.95237363465,0.0,46.0,,Hessen
68.0,64541.87849781089,0.0,31.0,,Hessen
57.0,52369.614786572805,1.0,42.0,,Thüringen
43.0,37696.62541510117,1.0,7.0,,Niedersachsen
67.0,75807.6559482063,1.0,46.0,,Baden-Württemberg
33.0,36719.10148652727,1.0,35.0,,Nordrhein-Westfalen
47.0,43409.22363053848,0.0,32.0,,Sachsen
54.0,74220.58232237589,1.0,45.0,,Nordrhein-Westfalen
36.0,32281.857537934036,1.0,52.0,,Hessen
67.0,68054.56279480796,0.0,40.0,,Niedersachsen
57.0,69354.03908552793,1.0,51.0,,Thüringen
34.0,50082.23275161896,1.0,19.0,,Baden-Württemberg
32.0,57455.89154299589,0.0,42.0,,Niedersachsen
60.0,77364.77312129164,0.0,34.0,,Bayern
49.0,73319.1870845747,0.0,27.0,,Niedersachsen
48.0,46968.11334133677,1.0,16.0,,Hessen
40.0,67881.40169559825,0.0,41.0,,Baden-Württemberg
69.0,65999.38116269282,0.0,44.0,,Bayern
32.0,34391.82496545645,1.0,48.0,,Hessen
52.0,67687.35381148307,1.0,47.0,,Baden-Württemberg
36.0,29204.045820516767,0.0,27.0,,Bayern
52.0,54277.20247138504,1.0,48.0,,Nordrhein-Westfalen
36.0,33884.96632098324,0.0,49.0,,Bayern
63.0,72872.40984065089,1.0,32.0,,Brandenburg
48.0,70707.73987004749,1.0,35.0,,Sachsen
38.0,46195.15314751832,1.0,26.0,,Bayern
47.0,52534.52360667457,0.0,50.0,,Berlin
70.0,57964.51215425568,1.0,20.0,,Hessen
54.0,69210.98341641495,1.0,40.0,,Nordrhein-Westfalen
43.0,59089.74089652931,0.0,29.0,,Sachsen
54.0,49679.673812958754,0.0,24.0,,Sachsen
48.0,57289.90314946119,0.0,16.0,,Nordrhein-Westfalen
68.0,83333.56782765305,1.0,33.0,,Bayern
44.0,61848.4722403355,1.0,22.0,,Baden-Württemberg
45.0,47805.49911737529,0.0,36.0,,Berlin
56.0,59483.17370518163,0.0,53.0,,Baden-Württemberg
69.0,78663.93535160618,1.0,37.0,,Niedersachsen
39.0,58806.417593735336,1.0,55.0,,Niedersachsen
33.0,49527.66481574445,0.0,25.0,,Baden-Württemberg
48.0,57701.18544621786,1.0,22.0,,Nordrhein-Westfalen
57.0,77750.94761607521,0.0,25.0,,Bayern
50.0,38912.22946143465,1.0,34.0,,Berlin
43.0,59104.51301372704,1.0,62.0,,Niedersachsen
62.0,64399.17380839598,0.0,18.0,,Berlin
39.0,63156.4607924843,1.0,41.0,,Berlin
48.0,48300.49016663392,1.0,28.0,,Baden-Württemberg
59.0,63241.90384258392,1.0,33.0,,Berlin
51.0,66518.30950340244,1.0,22.0,,Nordrhein-Westfalen
32.0,44873.24457091626,0.0,44.0,,Sachsen
66.0,75200.53464199259,0.0,35.0,,Berlin
70.0,87311.6479662892,0.0,46.0,,Berlin
47.0,61173.93565537098,1.0,37.0,,Niedersachsen
40.0,51957.04750970712,1.0,16.0,,Sachsen
31.0,34101.76397312862,1.0,46.0,,Bayern
41.0,54152.49417110841,0.0,15.0,,Berlin
35.0,55165.48483081868,0.0,16.0,,Nordrhein-Westfalen
69.0,71732.2488483215,0.0,26.0,,Hessen
58.0,62171.39083962616,1.0,26.0,,Baden-Württemberg
59.0,71174.38427009825,1.0,49.0,,Hessen
31.0,28227.61849741835,1.0,33.0,,Baden-Württemberg
38.0,29787.61073967547,1.0,47.0,,Hamburg
31.0,47601.83250459995,1.0,29.0,,Hamburg
58.0,49653.39457003938,0.0,38.0,,Nordrhein-Westfalen
62.0,70856.65436451563,1.0,40.0,,Berlin
39.0,54069.62609830466,1.0,42.0,,Bayern
63.0,78072.77390257167,1.0,30.0,,Bayern
37.0,41367.81621506573,0.0,31.0,,Nordrhein-Westfalen
66.0,69331.45165711388,0.0,32.0,,Baden-Württemberg
62.0,77583.3564677155,0.0,18.0,,Berlin
35.0,33579.07453165961,0.0,34.0,,Baden-Württemberg
69.0,85175.91833307281,1.0,31.0,,Nordrhein-Westfalen
48.0,59163.82368118809,0.0,41.0,,Berlin
61.0,74660.13264222299,1.0,36.0,,Bayern
56.0,61601.83870475674,1.0,48.0,,Bayern
30.0,54906.9841115438,0.0,36.0,,Nordrhein-Westfalen
62.0,77712.60659770755,0.0,29.0,,Hessen
69.0,80266.5197570841,1.0,36.0,,Niedersachsen
61.0,75680.8569455791,1.0,42.0,,Sachsen
34.0,34322.45474166627,1.0,17.0,,Sachsen
46.0,52041.42325072015,1.0,28.0,,Bayern
37.0,66419.24826812533,1.0,28.0,,Thüringen
63.0,68751.57141072903,1.0,39.0,,Baden-Württemberg
38.0,45342.44887981655,1.0,40.0,,Berlin
52.0,58522.30288435561,0.0,36.0,,Sachsen
64.0,67482.49163937743,1.0,10.0,,Bayern
36.0,47469.13210184134,1.0,18.0,,Bayern
44.0,53482.31220036104,1.0,33.0,,Bayern
49.0,67290.60216332534,0.0,30.0,,Hessen
54.0,72310.20137385467,1.0,35.0,,Berlin
32.0,47052.41137944455,1.0,30.0,,Nordrhein-Westfalen
53.0,55541.95679712114,1.0,50.0,,Sachsen
63.0,81446.3626440167,0.0,12.0,,Niedersachsen
51.0,67445.37935769891,0.0,38.0,,Bayern
40.0,39209.6501341634,0.0,43.0,,Sachsen
37.0,41986.47519256367,0.0,42.0,,Bayern
68.0,68468.39756233856,0.0,43.0,,Baden-Württemberg
64.0,82889.73040827588,0.0,44.0,,Baden-Württemberg
67.0,86403.29453956797,1.0,29.0,,Hessen
37.0,57751.77227125286,1.0,24.0,,Baden-Württemberg
66.0,77161.38225056148,0.0,15.0,,Baden-Württemberg
56.0,71443.21885328605,1.0,31.0,,Bayern
57.0,77462.12620064212,1.0,27.0,,Bayern
69.0,75983.22376160801,0.0,47.0,,Hessen
63.0,67502.37221616226,1.0,32.0,,Nordrhein-Westfalen
61.0,66782.63479749944,0.0,25.0,,Nordrhein-Westfalen
44.0,50005.002649598144,0.0,23.0,,Bayern
46.0,47676.39503820558,1.0,55.0,,Bayern
62.0,68355.76502240951,0.0,35.0,,Thüringen
45.0,62279.13133366568,1.0,27.0,,Baden-Württemberg
58.0,68875.22346371044,1.0,36.0,,Nordrhein-Westfalen
38.0,48808.07114016616,1.0,54.0,,Baden-Württemberg
62.0,69519.57087189915,0.0,31.0,,Sachsen
58.0,64187.77402135038,0.0,42.0,,Bayern
42.0,53357.53278831714,1.0,47.0,,Berlin
50.0,61399.93782462269,0.0,16.0,,Niedersachsen
50.0,67276.38391826894,1.0,29.0,,Hessen
34.0,53036.01128400799,0.0,46.0,,Bayern
39.0,40996.11239065249,1.0,28.0,,Hessen
35.0,50251.17942340272,0.0,39.0,,Nordrhein-Westfalen
42.0,41050.15920441383,1.0,27.0,,Baden-Württemberg
30.0,55256.4530467888,1.0,31.0,,Baden-Württemberg
49.0,51990.8572650111,1.0,29.0,,Berlin
37.0,51083.82595578743,0.0,41.0,,Baden-Württemberg
39.0,37428.11758655559,1.0,37.0,,Niedersachsen
38.0,44672.54475227276,0.0,36.0,,Bayern
70.0,97897.0505433718,1.0,60.0,,Berlin
32.0,31562.64677399754,1.0,52.0,,Baden-Württemberg
40.0,68282.04611732642,1.0,15.0,,Hamburg
41.0,49550.96776765906,0.0,31.0,,Baden-Württemberg
39.0,56023.57481737575,1.0,59.0,,Baden-Württemberg
54.0,68635.79438556149,0.0,29.0,,Baden-Württemberg
54.0,69123.41115128566,0.0,56.0,,Thüringen
40.0,35558.52295367206,0.0,31.0,,Baden-Württemberg
65.0,73776.46692409588,1.0,33.0,,Niedersachsen
68.0,92374.32383282809,0.0,44.0,,Baden-Württemberg
55.0,63084.95068724524,0.0,34.0,,Baden-Württemberg
43.0,53219.97439361837,1.0,40.0,,Brandenburg
68.0,67645.32893488045,0.0,51.0,,Berlin
69.0,77933.08345381929,1.0,43.0,,Thüringen
30.0,46686.48822885003,1.0,36.0,,Sachsen
33.0,28556.82030061056,1.0,52.0,,Nordrhein-Westfalen
59.0,77392.45243948342,1.0,44.0,,Hessen
41.0,51201.01414120506,1.0,28.0,,Berlin
64.0,74726.84924898707,1.0,55.0,,Bayern
42.0,48260.29217550943,0.0,41.0,,Sachsen
60.0,67687.57030152502,1.0,33.0,,Hessen
67.0,76785.41565787853,1.0,15.0,,Hessen
52.0,71014.31038644777,1.0,21.0,,Bayern
33.0,36223.99905839761,0.0,52.0,,Baden-Württemberg
45.0,70632.18116424145,0.0,52.0,,Sachsen
36.0,46373.45798243152,0.0,36.0,,Bayern
51.0,56254.19697173916,0.0,17.0,,Berlin
58.0,78517.61269570532,1.0,24.0,,Baden-Württemberg
40.0,54037.310030892266,0.0,19.0,,Nordrhein-Westfalen
62.0,59572.98556778787,1.0,18.0,,Baden-Württemberg
58.0,60418.96718784391,1.0,55.0,,Nordrhein-Westfalen
68.0,80553.39340496145,0.0,56.0,,Baden-Württemberg
41.0,35323.88007913634,1.0,24.0,,Sachsen
36.0,62517.50853637212,0.0,35.0,,Nordrhein-Westfalen
68.0,89005.39288890261,0.0,22.0,,Baden-Württemberg
55.0,66068.47971681332,1.0,35.0,,Hessen
69.0,79689.64512573004,1.0,51.0,,Bayern
38.0,40638.12381960798,1.0,46.0,,Baden-Württemberg
70.0,66260.0261280502,0.0,43.0,,Nordrhein-Westfalen
63.0,60048.61890406629,0.0,33.0,,Berlin
42.0,67920.23427164622,1.0,48.0,,Berlin
65.0,92223.18914804253,1.0,41.0,,Baden-Württemberg
54.0,59813.591317114704,0.0,39.0,,Berlin
53.0,72003.34639382867,0.0,34.0,,Nordrhein-Westfalen
46.0,60088.44886582324,1.0,38.0,,Bayern
31.0,43375.75364123266,1.0,38.0,,Thüringen
42.0,37936.97963079064,0.0,30.0,,Sachsen
60.0,55814.79620631314,1.0,27.0,,Baden-Württemberg
58.0,80403.59755265598,1.0,25.0,,Baden-Württemberg
57.0,50717.287096426,0.0,26.0,,Nordrhein-Westfalen
56.0,66037.855417978,0.0,33.0,,Berlin
44.0,49839.08323147287,1.0,31.0,,Baden-Württemberg
60.0,67965.91123144886,1.0,29.0,,Bayern
69.0,85613.26171212798,1.0,28.0,,Hessen
44.0,47045.73383797704,1.0,38.0,,Nordrhein-Westfalen
62.0,78050.89145865993,0.0,49.0,,Baden-Württemberg
49.0,60350.97690802643,1.0,35.0,,Baden-Württemberg
41.0,68516.49543941053,0.0,34.0,,Sachsen
66.0,66735.69174215138,0.0,26.0,,Nordrhein-Westfalen
38.0,46307.32262091811,1.0,33.0,,Hessen
52.0,66521.77673029815,1.0,47.0,,Nordrhein-Westfalen
37.0,42547.269364431886,1.0,45.0,,Berlin
61.0,61246.32697749902,0.0,45.0,,Nordrhein-Westfalen
43.0,63300.066464825926,0.0,44.0,,Berlin
56.0,70410.79805191848,1.0,39.0,,Bayern
54.0,53583.84502967968,0.0,39.0,,Nordrhein-Westfalen
42.0,54737.68501450015,0.0,37.0,,Berlin
50.0,75601.52855545645,0.0,31.0,,Thüringen
60.0,71786.3601761889,1.0,36.0,,Bayern
66.0,79203.82699739235,1.0,37.0,,Sachsen
34.0,55437.44934982448,0.0,41.0,,Sachsen
42.0,42036.4907884942,1.0,36.0,,Bayern
57.0,84130.8361121828,1.0,56.0,,Nordrhein-Westfalen
54.0,73773.47238829928,1.0,23.0,,Berlin
64.0,68522.84225868413,1.0,43.0,,Sachsen
68.0,75570.01523540512,1.0,35.0,,Berlin
36.0,38942.80911718784,0.0,35.0,,Nordrhein-Westfalen
67.0,63881.03417512037,1.0,27.0,,Berlin
61.0,75646.61434612492,1.0,45.0,,Bayern
32.0,31010.60371272385,0.0,42.0,,Baden-Württemberg
68.0,84266.90561138178,1.0,43.0,,Berlin
66.0,67587.20954156849,1.0,37.0,,Nordrhein-Westfalen
51.0,69768.66331736703,0.0,32.0,,Hessen
37.0,51507.44213419635,0.0,34.0,,Niedersachsen
46.0,49160.77856726122,0.0,39.0,,Bayern
56.0,70615.54950914938,0.0,15.0,,Brandenburg
62.0,75231.17792161655,1.0,44.0,,Baden-Württemberg
46.0,68885.01956818235,0.0,59.0,,Nordrhein-Westfalen
41.0,40291.75658339562,1.0,40.0,,Thüringen
56.0,66000.85802185375,0.0,32.0,,Berlin
37.0,39083.359698716136,1.0,33.0,,Baden-Württemberg
52.0,63037.62322866091,0.0,42.0,,Baden-Württemberg
58.0,74550.6202554913,0.0,32.0,,Niedersachsen
49.0,53203.21029404359,0.0,44.0,,Hessen
45.0,51056.508520397634,1.0,33.0,,Nordrhein-Westfalen
46.0,64231.463753689066,1.0,52.0,,Bayern
45.0,66573.48650260495,0.0,52.0,,Nordrhein-Westfalen
48.0,62342.14554131874,0.0,32.0,,Niedersachsen
37.0,43614.88262792917,1.0,34.0,,Bayern
67.0,78307.64635377112,0.0,35.0,,Hamburg
67.0,85349.59272714778,0.0,35.0,,Baden-Württemberg
58.0,71796.78375066351,1.0,26.0,,Berlin
70.0,69099.94379724779,0.0,24.0,,Sachsen
65.0,83198.24248402342,1.0,47.0,,Berlin
55.0,58431.48591814502,1.0,46.0,,Nordrhein-Westfalen
60.0,59341.44721400047,1.0,46.0,,Hessen
41.0,34560.061178587945,0.0,34.0,,Baden-Württemberg
46.0,53575.60719815357,0.0,54.0,,Hessen
44.0,43990.60139928602,1.0,35.0,,Brandenburg
38.0,25073.66890051087,0.0,44.0,,Berlin
68.0,78362.67406137298,0.0,21.0,,Baden-Württemberg
41.0,45176.5164943388,0.0,33.0,,Berlin
61.0,71947.51335246935,1.0,33.0,,Baden-Württemberg
54.0,59334.765842262015,0.0,34.0,,Baden-Württemberg
68.0,98083.36958703487,1.0,22.0,,Berlin
47.0,61371.86037427834,1.0,42.0,,Bayern
44.0,48650.03750087601,1.0,45.0,,Sachsen
61.0,72725.18968724947,1.0,28.0,,Berlin
35.0,55240.05100480306,0.0,24.0,,Nordrhein-Westfalen
64.0,85476.75002498372,1.0,27.0,,Hamburg
63.0,63083.28870522346,0.0,40.0,,Niedersachsen
67.0,71626.52688470876,1.0,29.0,,Bayern
34.0,34255.8842775536,1.0,34.0,,Sachsen
47.0,52745.12664226462,0.0,24.0,,Hamburg
45.0,48971.41724927535,0.0,55.0,,Nordrhein-Westfalen
37.0,45165.04142331776,1.0,36.0,,Bayern
54.0,71635.44389752425,1.0,46.0,,Baden-Württemberg
61.0,81435.30184849372,1.0,40.0,,Niedersachsen
55.0,63242.91075110579,1.0,35.0,,Baden-Württemberg
51.0,46713.49462194787,0.0,34.0,,Berlin
60.0,62735.45678396812,0.0,28.0,,Baden-Württemberg
39.0,42543.25204627491,1.0,30.0,,Hessen
41.0,38375.78138430826,0.0,25.0,,Thüringen
57.0,78842.38490612834,0.0,24.0,,Berlin
35.0,31856.07889795332,1.0,56.0,,Nordrhein-Westfalen
49.0,64640.80828524312,1.0,38.0,,Brandenburg
34.0,26142.98247982684,0.0,50.0,,Brandenburg
52.0,68557.64272708262,0.0,27.0,,Sachsen
38.0,44788.123878098384,1.0,22.0,,Sachsen
58.0,83377.64375055519,1.0,25.0,,Nordrhein-Westfalen
45.0,44138.65666459138,1.0,31.0,,Bayern
51.0,56363.69118728709,0.0,35.0,,Hamburg
37.0,41519.40253088631,1.0,33.0,,Bayern
49.0,57703.96636766509,1.0,27.0,,Berlin
43.0,48849.87079024495,0.0,36.0,,Brandenburg
68.0,78649.11140689638,0.0,37.0,,Nordrhein-Westfalen
66.0,76131.40623392163,0.0,42.0,,Sachsen
63.0,56999.12653841968,1.0,50.0,,Berlin
40.0,57367.42919749243,1.0,31.0,,Baden-Württemberg
69.0,108569.08702065004,1.0,47.0,,Nordrhein-Westfalen
62.0,77172.3477368733,1.0,36.0,,Baden-Württemberg
60.0,61876.053857405335,0.0,20.0,,Hessen
63.0,66343.41078153354,1.0,53.0,,Baden-Württemberg
36.0,49200.62245305059,1.0,58.0,,Berlin
52.0,66108.25385529606,1.0,41.0,,Thüringen
36.0,41110.880943472206,1.0,36.0,,Baden-Württemberg
54.0,71794.83899910498,0.0,32.0,,Berlin
32.0,20329.572188555016,1.0,30.0,,Bayern
67.0,87205.89801486135,1.0,47.0,,Sachsen
49.0,61221.78113765836,1.0,35.0,,Nordrhein-Westfalen
63.0,66691.26681107994,1.0,52.0,,Bayern
59.0,58008.720109576505,1.0,35.0,,Baden-Württemberg
46.0,56617.21612666908,0.0,31.0,,Hessen
39.0,59913.34656482462,0.0,29.0,,Bayern
64.0,74797.71960677873,0.0,28.0,,Niedersachsen
49.0,51392.49926367718,0.0,40.0,,Baden-Württemberg
47.0,58432.854376868185,0.0,22.0,,Baden-Württemberg
56.0,83787.01049645299,0.0,27.0,,Niedersachsen
65.0,81926.49851495633,1.0,48.0,,Bayern
52.0,67495.80152171961,1.0,25.0,,Nordrhein-Westfalen
61.0,84321.02890463859,1.0,44.0,,Baden-Württemberg
39.0,51488.134398045775,0.0,14.0,,Bayern
40.0,41373.85105965837,0.0,50.0,,Thüringen
67.0,64683.273523591095,0.0,22.0,,Berlin
35.0,34180.68077831874,1.0,26.0,,Niedersachsen
70.0,74005.80908584956,0.0,42.0,,Baden-Württemberg
63.0,81611.74538927511,1.0,38.0,,Hessen
65.0,85235.07133486084,1.0,44.0,,Nordrhein-Westfalen
66.0,80806.3785643034,1.0,22.0,,Bayern
46.0,44087.58252073564,1.0,32.0,,Nordrhein-Westfalen
69.0,98883.18757367524,1.0,29.0,,Hessen
69.0,79027.08313244994,1.0,24.0,,Berlin
41.0,55038.29982685805,1.0,41.0,,Hessen
50.0,60708.22607800983,0.0,44.0,,Hessen
69.0,84659.69463801473,0.0,32.0,,Baden-Württemberg
48.0,63015.20260611034,0.0,50.0,,Berlin
32.0,32659.50626332902,1.0,27.0,,Bayern
47.0,68475.47947035421,0.0,50.0,,Berlin
48.0,43655.93017037532,0.0,41.0,,Nordrhein-Westfalen
35.0,33126.91545739253,1.0,23.0,,Brandenburg
45.0,65988.52038027447,1.0,55.0,,Sachsen
37.0,50176.78491659571,1.0,31.0,,Bayern
47.0,79607.66735450045,1.0,47.0,,Berlin
68.0,82209.9028990893,0.0,36.0,,Nordrhein-Westfalen
41.0,64926.19167828226,0.0,39.0,,Hamburg
39.0,30485.188253072083,1.0,44.0,,Hamburg
36.0,30932.04803160049,0.0,43.0,,Baden-Württemberg
30.0,44635.67919427661,0.0,32.0,,Berlin
65.0,62351.08641991102,0.0,40.0,,Bayern
50.0,58484.54039041646,1.0,40.0,,Thüringen
66.0,89744.99467999548,0.0,37.0,,Bayern
53.0,68336.19977810085,1.0,33.0,,Sachsen
54.0,65103.66431596069,0.0,37.0,,Niedersachsen
36.0,39625.21727597255,1.0,55.0,,Bayern
46.0,57346.43603357197,1.0,32.0,,Hamburg
58.0,74947.00882859303,0.0,47.0,,Nordrhein-Westfalen
59.0,64971.40044640654,1.0,29.0,,Sachsen
36.0,47024.3005565006,1.0,26.0,,Baden-Württemberg
62.0,84204.70672820717,1.0,68.0,,Bayern
36.0,41668.05410643508,0.0,40.0,,Bayern
53.0,64432.70137116784,1.0,41.0,,Baden-Württemberg
40.0,52774.29440970104,0.0,41.0,,Hessen
38.0,51013.21862383295,1.0,49.0,,Nordrhein-Westfalen
41.0,57516.90250700793,1.0,39.0,,Berlin
64.0,67710.1761467787,1.0,43.0,,Nordrhein-Westfalen
33.0,35350.734563498816,1.0,24.0,,Hessen
65.0,73604.96746986441,1.0,45.0,,Berlin
57.0,60410.81774322362,1.0,33.0,,Baden-Württemberg
42.0,34572.62891288065,0.0,42.0,,Niedersachsen
52.0,33297.75882314246,0.0,18.0,,Nordrhein-Westfalen
48.0,68669.40274374136,1.0,41.0,,Niedersachsen
66.0,65216.98045790985,1.0,13.0,,Baden-Württemberg
68.0,95714.30526812703,0.0,32.0,,Bayern
53.0,70483.67913038879,1.0,18.0,,Baden-Württemberg
45.0,50681.68694442643,1.0,41.0,,Hessen
62.0,80040.16085279999,0.0,36.0,,Nordrhein-Westfalen
41.0,53430.67308587748,0.0,27.0,,Baden-Württemberg
63.0,65737.34789246088,0.0,49.0,,Nordrhein-Westfalen
36.0,43538.46234850251,1.0,26.0,,Hessen
40.0,39581.24530431099,1.0,5.0,,Niedersachsen
60.0,78010.02181157023,0.0,40.0,,Thüringen
58.0,63296.69034048032,1.0,17.0,,Baden-Württemberg
42.0,49912.5133607232,1.0,26.0,,Sachsen
60.0,70853.5645440371,1.0,30.0,,Baden-Württemberg
31.0,38844.33511086199,1.0,21.0,,Berlin
68.0,96580.0635011618,0.0,30.0,,Nordrhein-Westfalen
44.0,50981.53330613676,0.0,21.0,,Sachsen
40.0,59391.907257758285,0.0,37.0,,Brandenburg
63.0,79995.43490693603,1.0,23.0,,Hessen
68.0,94379.27254997374,1.0,35.0,,Niedersachsen
33.0,37067.78183567922,1.0,47.0,,Nordrhein-Westfalen
40.0,54688.48408511369,1.0,43.0,,Baden-Württemberg
58.0,69209.45004428051,0.0,34.0,,Nordrhein-Westfalen
31.0,10802.033307234791,1.0,25.0,,Brandenburg
45.0,44514.71192462543,1.0,37.0,,Berlin
68.0,86843.33779081808,1.0,28.0,,Berlin
42.0,55437.14395534791,0.0,37.0,,Brandenburg
66.0,67550.8458188448,1.0,18.0,,Sachsen
46.0,57509.96508522576,1.0,43.0,,Hamburg
50.0,64799.99968190091,1.0,35.0,,Thüringen
48.0,57581.11655438521,0.0,57.0,,Baden-Württemberg
36.0,50243.04319986396,1.0,48.0,,Nordrhein-Westfalen
67.0,85750.07554566991,0.0,41.0,,Nordrhein-Westfalen
37.0,44541.69777524597,0.0,34.0,,Niedersachsen
42.0,46178.95708275883,1.0,28.0,,Hessen
66.0,88621.24191112188,0.0,44.0,,Hessen
31.0,41923.36515027969,1.0,33.0,,Nordrhein-Westfalen
70.0,71511.57807009188,0.0,47.0,,Nordrhein-Westfalen
40.0,50404.683471917626,1.0,39.0,,Baden-Württemberg
53.0,53443.30526894799,1.0,39.0,,Nordrhein-Westfalen
35.0,33793.84665708341,1.0,41.0,,Berlin
55.0,60312.344941033865,1.0,26.0,,Bayern
36.0,44077.95934623655,0.0,25.0,,Nordrhein-Westfalen
68.0,84969.40499640783,1.0,24.0,,Berlin
48.0,54207.38981037917,0.0,45.0,,Nordrhein-Westfalen
35.0,39196.70589672828,1.0,26.0,,Bayern
58.0,65207.45369111064,0.0,27.0,,Baden-Württemberg
68.0,91036.07992470788,1.0,40.0,,Brandenburg
31.0,12031.989258552723,1.0,32.0,,Baden-Württemberg
48.0,55111.1738291915,1.0,31.0,,Nordrhein-Westfalen
33.0,54044.93494557665,0.0,30.0,,Bayern
35.0,47150.77367320037,1.0,12.0,,Berlin
66.0,90643.13302647206,1.0,25.0,,Baden-Württemberg
57.0,50221.96278036853,1.0,47.0,,Bayern
59.0,59731.06742753732,0.0,30.0,,Nordrhein-Westfalen
36.0,48307.10194014782,1.0,16.0,,Baden-Württemberg
38.0,60020.87616762462,0.0,25.0,,Niedersachsen
54.0,54716.54874136162,1.0,39.0,,Sachsen
62.0,70988.4472906834,0.0,38.0,,Niedersachsen
30.0,40182.209774789095,0.0,32.0,,Nordrhein-Westfalen
35.0,29395.6414486515,1.0,28.0,,Baden-Württemberg
47.0,61411.10701386299,1.0,21.0,,Bayern
39.0,23109.88057358736,1.0,39.0,,Sachsen
57.0,72995.72853268619,1.0,43.0,,Niedersachsen
40.0,39443.816099458985,1.0,48.0,,Niedersachsen
62.0,70449.09092468504,0.0,24.0,,Niedersachsen
30.0,42439.49390670383,1.0,49.0,,Berlin
42.0,54815.06292960715,0.0,34.0,,Baden-Württemberg
66.0,79151.82942397373,1.0,35.0,,Nordrhein-Westfalen
49.0,67813.53353244104,0.0,44.0,,Niedersachsen
30.0,21238.02542225393,1.0,30.0,,Berlin
32.0,40776.02314471374,1.0,13.0,,Berlin
47.0,49585.98844044164,1.0,42.0,,Bayern
70.0,92238.94765868138,1.0,38.0,,Bayern
43.0,58161.76456569998,1.0,31.0,,Nordrhein-Westfalen
60.0,78633.97284484014,0.0,41.0,,Nordrhein-Westfalen
56.0,82205.14384002211,0.0,43.0,,Hamburg
46.0,65676.46865736888,1.0,20.0,,Baden-Württemberg
58.0,68324.69609736647,1.0,35.0,,Bayern
65.0,78027.33356866369,1.0,12.0,,Niedersachsen
66.0,84640.6305637355,1.0,34.0,,Berlin
55.0,67416.14051817694,1.0,31.0,,Nordrhein-Westfalen
46.0,61880.00432369419,0.0,40.0,,Sachsen
51.0,41344.513691095926,0.0,24.0,,Nordrhein-Westfalen
54.0,81957.21491840295,0.0,31.0,,Berlin
31.0,38298.53365217667,1.0,3.0,,Nordrhein-Westfalen
51.0,46823.71950733446,0.0,41.0,,Bayern
34.0,33066.51872882614,0.0,34.0,,Baden-Württemberg
33.0,20924.68796076063,1.0,36.0,,Baden-Württemberg
65.0,68211.38298720564,1.0,20.0,,Berlin
35.0,41206.23466424097,0.0,39.0,,Sachsen
50.0,73917.24951702455,1.0,52.0,,Bayern
42.0,54485.35271297408,1.0,33.0,,Bayern
66.0,81322.77755624868,1.0,42.0,,Thüringen
54.0,54771.81984576158,0.0,26.0,,Baden-Württemberg
55.0,58756.75145483924,1.0,34.0,,Nordrhein-Westfalen
68.0,74860.98577194301,0.0,20.0,,Bayern
49.0,52713.55868975444,0.0,43.0,,Baden-Württemberg
62.0,71314.97859749506,0.0,37.0,,Sachsen
43.0,49480.57828968764,1.0,23.0,,Baden-Württemberg
65.0,74982.30954012758,0.0,27.0,,Hessen
46.0,49472.2553883599,1.0,36.0,,Bayern
50.0,61480.98123663141,1.0,44.0,,Baden-Württemberg
45.0,51504.42714273189,1.0,50.0,,Baden-Württemberg
45.0,39956.11884255284,1.0,34.0,,Baden-Württemberg
49.0,59388.51974583303,0.0,21.0,,Baden-Württemberg
58.0,68691.18132399686,1.0,37.0,,Nordrhein-Westfalen
57.0,54319.92014266763,1.0,53.0,,Brandenburg
37.0,39528.49075947741,1.0,19.0,,Bayern
53.0,69200.65406495638,0.0,25.0,,Berlin
32.0,28689.47225291241,0.0,41.0,,Sachsen
54.0,53806.64986546736,0.0,37.0,,Sachsen
48.0,54965.091031366464,1.0,30.0,,Niedersachsen
62.0,80098.84348008504,1.0,37.0,,Sachsen
31.0,54066.71490277438,0.0,45.0,,Bayern
44.0,59093.19528865111,1.0,34.0,,Berlin
51.0,71227.25924976716,1.0,33.0,,Hessen
39.0,50353.634423314,0.0,41.0,,Hessen
47.0,50532.94655950043,1.0,32.0,,Brandenburg
51.0,67323.14564444456,0.0,46.0,,Berlin
56.0,66602.00104696192,1.0,55.0,,Thüringen
42.0,54182.115014181705,1.0,26.0,,Nordrhein-Westfalen
62.0,65956.21914527242,1.0,22.0,,Berlin
34.0,45507.99444877001,1.0,39.0,,Nordrhein-Westfalen
55.0,65102.40111435221,0.0,22.0,,Bayern
42.0,52868.08933311733,0.0,22.0,,Baden-Württemberg
56.0,66606.82240212626,1.0,15.0,,Bayern
43.0,49469.83311831008,1.0,31.0,,Berlin
53.0,68187.64468748034,0.0,35.0,,Baden-Württemberg
32.0,35272.926564171445,0.0,30.0,,Nordrhein-Westfalen
59.0,56608.2671927764,1.0,49.0,,Bayern
64.0,59961.78573779843,1.0,48.0,,Hessen
43.0,53630.872956814776,1.0,54.0,,Baden-Württemberg
41.0,45567.30061803409,0.0,35.0,,Baden-Württemberg
57.0,52972.58201462748,0.0,47.0,,Sachsen
58.0,70703.99819302277,1.0,38.0,,Hessen
46.0,54677.38676147014,0.0,37.0,,Thüringen
69.0,78275.28507069028,1.0,30.0,,Thüringen
50.0,62488.351194082206,1.0,12.0,,Berlin
52.0,74487.88940711174,1.0,41.0,,Bayern
49.0,70657.90273822784,0.0,47.0,,Nordrhein-Westfalen
40.0,49709.40649298079,1.0,20.0,,Thüringen
63.0,74905.16215817424,1.0,35.0,,Hessen
39.0,48650.32716141169,1.0,45.0,,Nordrhein-Westfalen
39.0,50013.890492027975,1.0,31.0,,Nordrhein-Westfalen
35.0,40070.02223199869,1.0,47.0,,Bayern
65.0,79612.09314241726,0.0,34.0,,Hessen
53.0,49633.94504662924,1.0,30.0,,Nordrhein-Westfalen
41.0,50331.80083448773,0.0,48.0,,Niedersachsen
52.0,66931.62974555178,1.0,26.0,,Baden-Württemberg
56.0,62958.236734754246,1.0,28.0,,Bayern
66.0,78363.1815844051,1.0,26.0,,Baden-Württemberg
35.0,32469.35249836007,1.0,24.0,,Bayern
30.0,25293.08536320475,1.0,37.0,,Sachsen
35.0,44388.74911272415,1.0,30.0,,Baden-Württemberg
51.0,54872.34097614113,0.0,40.0,,Bayern
70.0,67947.50548655371,0.0,18.0,,Bayern
53.0,53797.07241160214,1.0,24.0,,Hessen
54.0,56292.71084855829,1.0,36.0,,Hamburg
44.0,60135.62060655392,1.0,50.0,,Bayern
55.0,67803.19569847536,1.0,39.0,,Baden-Württemberg
37.0,37001.8597858101,1.0,29.0,,Bayern
53.0,58520.52013258997,0.0,20.0,,Brandenburg
67.0,92235.91092679052,1.0,29.0,,Bayern
35.0,50926.48935086532,1.0,35.0,,Sachsen
64.0,66775.5553021718,1.0,11.0,,Berlin
30.0,47051.43409867171,1.0,23.0,,Baden-Württemberg
65.0,77311.9739206334,0.0,28.0,,Nordrhein-Westfalen
41.0,56806.22119727098,1.0,32.0,,Bayern
67.0,78936.7240936164,1.0,34.0,,Niedersachsen
40.0,59102.57639746197,0.0,29.0,,Bayern
41.0,39145.70180758025,1.0,40.0,,Hessen
68.0,79291.161811527,0.0,36.0,,Nordrhein-Westfalen
36.0,54638.64043798264,0.0,31.0,,Sachsen
40.0,26846.54215214988,1.0,41.0,,Bayern
65.0,77623.56450322206,0.0,41.0,,Bayern
60.0,68566.28547266309,1.0,20.0,,Berlin
62.0,80655.26833212131,1.0,35.0,,Sachsen
42.0,60427.7317067945,1.0,44.0,,Sachsen
47.0,63291.36034723298,1.0,46.0,,Baden-Württemberg
70.0,86136.18828412276,0.0,39.0,,Baden-Württemberg
53.0,64184.29083653157,0.0,33.0,,Brandenburg
38.0,42954.2984579802,0.0,39.0,,Baden-Württemberg
60.0,74006.40521042302,0.0,43.0,,Bayern
70.0,97121.14063388376,1.0,36.0,,Baden-Württemberg
39.0,39742.26414332624,1.0,37.0,,Niedersachsen
31.0,34124.0595832316,1.0,33.0,,Sachsen
67.0,79728.1351072828,1.0,22.0,,Thüringen
44.0,62175.95917026976,1.0,33.0,,Berlin
32.0,40946.27928872359,0.0,28.0,,Hessen
60.0,80978.81780644435,1.0,28.0,,Nordrhein-Westfalen
35.0,51809.92945439946,1.0,49.0,,Baden-Württemberg
32.0,44270.051947941305,1.0,45.0,,Niedersachsen
40.0,38822.673540278105,0.0,18.0,,Berlin
44.0,68126.652521837,0.0,24.0,,Bayern
57.0,81289.8813692296,0.0,31.0,,Berlin
39.0,47801.25201522806,1.0,29.0,,Baden-Württemberg
67.0,67953.50503425323,0.0,38.0,,Niedersachsen
36.0,29607.14160492055,1.0,23.0,,Bayern
44.0,55445.95305775515,0.0,45.0,,Bayern
47.0,50383.0035146331,1.0,35.0,,Baden-Württemberg
47.0,41229.83915188955,1.0,32.0,,Nordrhein-Westfalen
70.0,69727.40958594189,1.0,35.0,,Brandenburg
53.0,59582.2190840033,0.0,31.0,,Hessen
31.0,39505.51717833216,1.0,15.0,,Hessen
69.0,95449.89944185666,0.0,35.0,,Berlin
49.0,63443.36805996244,1.0,32.0,,Baden-Württemberg
63.0,72230.76156233066,1.0,25.0,,Nordrhein-Westfalen
55.0,69613.52731286261,1.0,46.0,,Baden-Württemberg
36.0,46292.64821649616,1.0,42.0,,Baden-Württemberg
67.0,87075.0424976642,1.0,59.0,,Niedersachsen
59.0,70568.66378815504,1.0,43.0,,Bayern
34.0,50643.73852762316,0.0,29.0,,Bayern
40.0,55845.12052725056,1.0,26.0,,Berlin
30.0,37308.86983279808,0.0,30.0,,Berlin
63.0,74594.05365261914,0.0,28.0,,Niedersachsen
30.0,44854.02478961971,0.0,36.0,,Hessen
48.0,51462.33449658315,1.0,20.0,,Niedersachsen
31.0,24167.813958101447,1.0,41.0,,Niedersachsen
50.0,46631.75790296047,1.0,36.0,,Bayern
49.0,51900.08248154316,0.0,40.0,,Bayern
52.0,68579.73782117813,0.0,24.0,,Berlin
50.0,56452.50312454669,1.0,37.0,,Bayern
53.0,65662.1492493404,1.0,48.0,,Thüringen
33.0,35653.84321707804,0.0,26.0,,Nordrhein-Westfalen
41.0,45205.48270302053,1.0,26.0,,Baden-Württemberg
51.0,52205.09243795647,0.0,42.0,,Baden-Württemberg
49.0,58250.254832502986,1.0,25.0,,Baden-Württemberg
47.0,55129.65608568848,0.0,33.0,,Bayern
30.0,40283.17451896094,1.0,50.0,,Baden-Württemberg
59.0,73522.00822960361,1.0,26.0,,Hamburg
62.0,72706.64550804085,0.0,50.0,,Nordrhein-Westfalen
53.0,50242.75715062758,0.0,32.0,,Nordrhein-Westfalen
43.0,61618.7453207506,1.0,24.0,,Bayern
65.0,77272.17232791125,1.0,41.0,,Berlin
34.0,42021.351206703584,0.0,36.0,,Brandenburg
40.0,62840.37452322088,0.0,35.0,,Nordrhein-Westfalen
53.0,72005.35624913589,0.0,27.0,,Nordrhein-Westfalen
60.0,76138.00507813401,0.0,36.0,,Sachsen
42.0,50762.74763263938,1.0,14.0,,Brandenburg
45.0,54233.58902280894,1.0,37.0,,Niedersachsen
53.0,65983.03408246486,0.0,48.0,,Baden-Württemberg
42.0,54451.38922687168,0.0,17.0,,Hessen
53.0,79245.21742663819,1.0,31.0,,Bayern
55.0,88482.68247002398,1.0,26.0,,Berlin
31.0,40364.83289990759,0.0,20.0,,Niedersachsen
45.0,34928.931486598696,1.0,14.0,,Bayern
67.0,71829.75731774843,1.0,23.0,,Baden-Württemberg
30.0,52892.24489319211,1.0,33.0,,Baden-Württemberg
40.0,54891.4467910973,0.0,46.0,,Baden-Württemberg
64.0,80694.13503602639,0.0,20.0,,Baden-Württemberg
58.0,68239.81506659748,1.0,38.0,,Baden-Württemberg
66.0,68505.92715813697,0.0,37.0,,Bayern
46.0,70647.16884927596,0.0,52.0,,Bayern
68.0,74173.37479321256,1.0,41.0,,Thüringen
57.0,75132.69871427603,0.0,41.0,,Bayern
58.0,58019.166247436144,1.0,42.0,,Baden-Württemberg
32.0,36992.27895495792,1.0,26.0,,Hamburg
39.0,56179.01757390302,1.0,29.0,,Nordrhein-Westfalen
43.0,49717.79872938432,1.0,46.0,,Niedersachsen
41.0,46277.31482345062,1.0,14.0,,Bayern
59.0,71024.577322895,0.0,28.0,,Hessen
61.0,61255.99192759155,0.0,22.0,,Niedersachsen
61.0,59560.06177988721,0.0,37.0,,Nordrhein-Westfalen
61.0,79736.84965500307,1.0,31.0,,Niedersachsen
55.0,62382.86173048115,1.0,41.0,,Nordrhein-Westfalen
30.0,42931.66563188125,1.0,34.0,,Nordrhein-Westfalen
31.0,47827.72371659648,1.0,20.0,,Hessen
46.0,66328.13647748511,1.0,20.0,,Berlin
59.0,56316.93332282888,0.0,35.0,,Niedersachsen
68.0,75303.55879567935,0.0,27.0,,Nordrhein-Westfalen
36.0,48519.26595769286,1.0,30.0,,Baden-Württemberg
56.0,72358.42907053951,1.0,44.0,,Thüringen
38.0,66319.92238394536,0.0,43.0,,Baden-Württemberg
51.0,53267.39361143701,1.0,53.0,,Berlin
63.0,86198.61197070724,0.0,32.0,,Nordrhein-Westfalen
30.0,39919.0953348874,0.0,29.0,,Bayern
38.0,31258.40589789548,0.0,39.0,,Berlin
49.0,54140.59545614648,1.0,29.0,,Baden-Württemberg
48.0,60260.01950308245,0.0,30.0,,Berlin
65.0,62675.60049141745,1.0,33.0,,Baden-Württemberg
69.0,64084.613271185575,0.0,52.0,,Bayern
33.0,24242.6013961693,1.0,42.0,,Berlin
38.0,48379.32276693023,1.0,43.0,,Thüringen
70.0,79595.02132977676,1.0,51.0,,Thüringen
51.0,55860.34134441505,1.0,44.0,,Baden-Württemberg
47.0,51429.78677781613,0.0,24.0,,Nordrhein-Westfalen
41.0,36761.482581315344,0.0,44.0,,Baden-Württemberg
68.0,77479.77370987926,0.0,45.0,,Baden-Württemberg
38.0,29634.423994680477,1.0,42.0,,Baden-Württemberg
35.0,53193.85923018119,0.0,33.0,,Thüringen
48.0,73148.25210218443,1.0,40.0,,Sachsen
36.0,22706.333687510007,0.0,35.0,,Baden-Württemberg
45.0,50109.82725085266,0.0,25.0,,Baden-Württemberg
34.0,37661.69296425793,1.0,28.0,,Bayern
45.0,52765.75865735413,0.0,42.0,,Hamburg
30.0,45591.20724531085,1.0,26.0,,Hessen
66.0,75021.34800930391,1.0,27.0,,Bayern
68.0,80798.29331494017,1.0,43.0,,Nordrhein-Westfalen
48.0,84746.79344370571,1.0,36.0,,Bayern
66.0,78220.57773084576,0.0,41.0,,Sachsen
46.0,71444.45810073885,1.0,23.0,,Niedersachsen
55.0,70713.57874370294,1.0,40.0,,Berlin
51.0,56457.4891364143,0.0,28.0,,Nordrhein-Westfalen
37.0,38361.78583960067,0.0,25.0,,Nordrhein-Westfalen
62.0,74418.17682867263,0.0,30.0,,Bayern
31.0,27594.39325353453,0.0,49.0,,Bayern
59.0,63141.814178909146,0.0,31.0,,Sachsen
49.0,55265.13374235362,1.0,57.0,,Baden-Württemberg
47.0,59352.78068693205,1.0,14.0,,Baden-Württemberg
39.0,63688.04086663379,1.0,20.0,,Berlin
53.0,59447.262796840456,1.0,48.0,,Nordrhein-Westfalen
33.0,44278.56567005231,0.0,51.0,,Nordrhein-Westfalen
66.0,64549.900810909385,1.0,26.0,,Sachsen
33.0,49675.88380895828,0.0,36.0,,Hamburg
42.0,35264.285269608416,1.0,42.0,,Baden-Württemberg
54.0,72200.30765952234,1.0,33.0,,Hessen
42.0,50054.07447111782,1.0,36.0,,Nordrhein-Westfalen
47.0,55621.01637414354,0.0,35.0,,Baden-Württemberg
53.0,61112.05583267966,0.0,20.0,,Baden-Württemberg
31.0,26018.930843729628,0.0,32.0,,Baden-Württemberg
62.0,63231.8216240426,1.0,35.0,,Hessen
48.0,65433.98468653538,0.0,36.0,,Sachsen
38.0,46151.09013655503,1.0,18.0,,Niedersachsen
57.0,65786.36558907609,1.0,43.0,,Thüringen
64.0,80850.54112703342,0.0,36.0,,Baden-Württemberg
68.0,82507.00289295636,1.0,24.0,,Sachsen
39.0,40081.01700884192,0.0,53.0,,Nordrhein-Westfalen
30.0,58746.83197974503,1.0,32.0,,Bayern
50.0,66940.78999582701,0.0,32.0,,Thüringen
38.0,47188.88812026303,0.0,41.0,,Bayern
44.0,48523.85972184355,1.0,54.0,,Sachsen
64.0,85441.92783839643,0.0,42.0,,Sachsen
34.0,34204.31522228897,1.0,43.0,,Nordrhein-Westfalen
70.0,76105.63448490306,0.0,25.0,,Hessen
51.0,76712.25928056381,1.0,36.0,,Baden-Württemberg
70.0,84240.31803710136,1.0,30.0,,Hamburg
52.0,55752.80243094997,1.0,42.0,,Bayern
36.0,43724.72288212965,1.0,43.0,,Nordrhein-Westfalen
52.0,70297.21359638925,0.0,51.0,,Nordrhein-Westfalen
54.0,70603.6396479521,1.0,13.0,,Sachsen
56.0,76155.67203946126,1.0,29.0,,Baden-Württemberg
70.0,72700.31509270631,1.0,48.0,,Nordrhein-Westfalen
35.0,51044.09254333704,1.0,21.0,,Sachsen
63.0,74054.70619267496,0.0,43.0,,Nordrhein-Westfalen
38.0,46846.64631106874,0.0,46.0,,Baden-Württemberg
62.0,85386.11536571402,1.0,35.0,,Baden-Württemberg
35.0,48822.8312188674,0.0,21.0,,Baden-Württemberg
66.0,82388.15906332547,0.0,34.0,,Hessen
60.0,54229.96589811336,1.0,50.0,,Hessen
63.0,75258.5882756021,0.0,50.0,,Thüringen
70.0,76890.7480564395,1.0,37.0,,Berlin
58.0,76153.05437383783,0.0,25.0,,Bayern
43.0,60901.03909793945,0.0,52.0,,Hessen
65.0,75316.25436063616,1.0,43.0,,Nordrhein-Westfalen
65.0,72026.05013724076,0.0,26.0,,Sachsen
44.0,67182.04737078062,0.0,38.0,,Nordrhein-Westfalen
37.0,39421.70983093856,1.0,38.0,,Berlin
55.0,55421.10091157522,0.0,29.0,,Niedersachsen
65.0,70533.06422668723,1.0,38.0,,Nordrhein-Westfalen
50.0,55260.84751553851,0.0,46.0,,Brandenburg
57.0,60794.35544071276,0.0,32.0,,Bayern
33.0,47738.79992886855,1.0,47.0,,Baden-Württemberg
45.0,34526.57020159587,1.0,17.0,,Baden-Württemberg
51.0,53493.22245123,0.0,57.0,,Niedersachsen
41.0,49170.38002666986,1.0,36.0,,Baden-Württemberg
45.0,56233.72142710067,1.0,46.0,,Bayern
69.0,98029.0012254466,1.0,37.0,,Bayern
67.0,94337.55474285186,1.0,27.0,,Hessen
66.0,64794.72727631589,1.0,35.0,,Berlin
58.0,52544.54786370581,1.0,16.0,,Niedersachsen
47.0,56933.67295901219,1.0,42.0,,Baden-Württemberg
39.0,41160.410278521726,0.0,37.0,,Baden-Württemberg
68.0,70848.86655336355,1.0,33.0,,Brandenburg
47.0,56853.89576971034,1.0,43.0,,Bayern
30.0,38642.9176274666,1.0,35.0,,Bayern
68.0,74031.33048504737,0.0,41.0,,Baden-Württemberg
50.0,54638.11210823203,1.0,45.0,,Sachsen
30.0,29694.36967212773,1.0,30.0,,Niedersachsen
44.0,49444.36995163138,1.0,27.0,,Baden-Württemberg
33.0,44999.01911189909,0.0,18.0,,Baden-Württemberg
49.0,49362.35856757959,0.0,36.0,,Thüringen
39.0,41453.36746861263,0.0,40.0,,Niedersachsen
52.0,59034.50276222728,0.0,22.0,,Berlin
70.0,83902.94581993156,0.0,49.0,,Niedersachsen
63.0,78156.46621911302,1.0,27.0,,Nordrhein-Westfalen
62.0,92892.64417436426,0.0,14.0,,Nordrhein-Westfalen
63.0,80825.88321852202,1.0,50.0,,Berlin
68.0,86965.51716221104,0.0,15.0,,Berlin
39.0,44825.252298298255,0.0,45.0,,Baden-Württemberg
49.0,50246.09171758335,1.0,42.0,,Sachsen
30.0,31802.090870144064,1.0,38.0,,Hessen
42.0,44380.59493320296,1.0,30.0,,Bayern
30.0,40098.97930944886,0.0,40.0,,Sachsen
34.0,26418.801247455667,0.0,45.0,,Sachsen
45.0,59679.660948359415,0.0,25.0,,Thüringen
44.0,52096.75434082368,1.0,45.0,,Nordrhein-Westfalen
57.0,75169.08296945898,0.0,44.0,,Thüringen
60.0,65588.40358296338,0.0,38.0,,Bayern
52.0,54508.68539041199,0.0,30.0,,Nordrhein-Westfalen
46.0,51857.86016658747,1.0,44.0,,Nordrhein-Westfalen
63.0,71786.86963567701,1.0,40.0,,Bayern
42.0,58051.95657742942,0.0,25.0,,Baden-Württemberg
43.0,59150.94076517639,0.0,31.0,,Thüringen
40.0,65585.39007498826,0.0,43.0,,Bayern
57.0,64092.31580931567,1.0,36.0,,Nordrhein-Westfalen
61.0,43123.90092326082,1.0,46.0,,Baden-Württemberg
64.0,73163.2169267002,0.0,32.0,,Baden-Württemberg
60.0,74192.86253782813,1.0,25.0,,Berlin
46.0,61964.35164914425,0.0,57.0,,Bayern
38.0,48780.18090135144,1.0,18.0,,Niedersachsen
39.0,42755.05631672945,1.0,30.0,,Hessen
37.0,60309.95951774383,0.0,38.0,,Baden-Württemberg
50.0,50945.51749373209,0.0,45.0,,Baden-Württemberg
42.0,48307.88333506359,1.0,41.0,,Berlin
34.0,31569.144694480678,1.0,58.0,,Baden-Württemberg
35.0,42664.92693348081,0.0,34.0,,Nordrhein-Westfalen
59.0,85251.99990957863,1.0,26.0,,Berlin
60.0,70843.4057219761,0.0,33.0,,Baden-Württemberg
46.0,54308.48613322938,1.0,32.0,,Brandenburg
40.0,33126.11045648739,0.0,34.0,,Baden-Württemberg
49.0,56491.65443727993,0.0,25.0,,Baden-Württemberg
38.0,56413.98226900063,0.0,43.0,,Bayern
31.0,35492.79320276713,1.0,39.0,,Nordrhein-Westfalen
66.0,76359.21101179442,0.0,22.0,,Sachsen
30.0,46530.32318665145,1.0,45.0,,Nordrhein-Westfalen
33.0,37291.97508568333,1.0,27.0,,Bayern
65.0,89685.33344089528,0.0,23.0,,Bayern
54.0,53423.91068717487,0.0,36.0,,Hamburg
32.0,45043.607729217045,0.0,17.0,,Nordrhein-Westfalen
38.0,60883.50347816685,1.0,41.0,,Thüringen
51.0,70533.4440736586,1.0,7.0,,Baden-Württemberg
52.0,45802.02820555963,1.0,25.0,,Baden-Württemberg
41.0,43844.85658174201,0.0,51.0,,Niedersachsen
39.0,45047.55095673474,0.0,28.0,,Nordrhein-Westfalen
63.0,84772.48084731762,1.0,30.0,,Düsseldorf
39.0,35225.29630047012,0.0,48.0,,Niedersachsen
59.0,61744.00685308066,1.0,27.0,,Thüringen
51.0,46979.787008357554,1.0,43.0,,Hamburg
35.0,35044.698545708445,1.0,47.0,,Sachsen
31.0,26466.439594051568,1.0,40.0,,Thüringen
59.0,85332.22542381042,1.0,21.0,,Nordrhein-Westfalen
31.0,31912.96328237923,0.0,29.0,,Bayern
61.0,79526.72258325989,1.0,62.0,,Baden-Württemberg
45.0,54500.5391380709,0.0,30.0,,Hamburg
41.0,49634.22898625423,1.0,65.0,,Berlin
30.0,31232.137410671497,0.0,52.0,,Nordrhein-Westfalen
37.0,51799.464698996206,0.0,40.0,,Baden-Württemberg
42.0,52174.79091303806,0.0,38.0,,Bayern
44.0,54025.601631232574,1.0,30.0,,Nordrhein-Westfalen
37.0,39509.3886198562,0.0,34.0,,Baden-Württemberg
39.0,43354.50180165668,0.0,28.0,,Bayern
34.0,46611.89681382488,1.0,34.0,,Berlin
48.0,59967.31328247114,1.0,21.0,,Hessen
67.0,81521.76144297997,1.0,21.0,,Baden-Württemberg
40.0,41616.57298010873,0.0,48.0,,Nordrhein-Westfalen
49.0,76602.7888395788,1.0,19.0,,Berlin
49.0,54754.52544962578,1.0,44.0,,Berlin
